,Date,Symbol,Open,High,Low,Close,Volume,Close_Delta,Pct_Change,Month
0,2022-01-03,AAPL,177.83,182.88,177.71,182.01,104487900,,,2022-01-01
1,2022-01-04,AAPL,182.63,182.94,179.12,179.7,99310400,-2.31,-0.01,2022-01-01
2,2022-01-05,AAPL,179.61,180.17,174.64,174.92,94537600,-4.78,-0.03,2022-01-01
3,2022-01-06,AAPL,172.7,175.3,171.64,172.0,96904000,-2.92,-0.02,2022-01-01
4,2022-01-07,AAPL,172.89,174.14,171.03,172.17,86709100,0.17,0.0,2022-01-01
5,2022-01-10,AAPL,169.08,172.5,168.17,172.19,106765600,0.02,0.0,2022-01-01
6,2022-01-11,AAPL,172.32,175.18,170.82,175.08,76138300,2.89,0.02,2022-01-01
7,2022-01-12,AAPL,176.12,177.18,174.82,175.53,74805200,0.45,0.0,2022-01-01
8,2022-01-13,AAPL,175.78,176.62,171.79,172.19,84505800,-3.34,-0.02,2022-01-01
9,2022-01-14,AAPL,171.34,173.78,171.09,173.07,80440800,0.88,0.01,2022-01-01
10,2022-01-18,AAPL,171.51,172.54,169.41,169.8,90956700,-3.27,-0.02,2022-01-01
11,2022-01-19,AAPL,170.0,171.08,165.94,166.23,94815000,-3.57,-0.02,2022-01-01
12,2022-01-20,AAPL,166.98,169.68,164.18,164.51,91420500,-1.72,-0.01,2022-01-01
13,2022-01-21,AAPL,164.42,166.33,162.3,162.41,122848900,-2.1,-0.01,2022-01-01
14,2022-01-24,AAPL,160.02,162.3,154.7,161.62,162294600,-0.79,-0.0,2022-01-01
15,2022-01-25,AAPL,158.98,162.76,157.02,159.78,115798400,-1.84,-0.01,2022-01-01
16,2022-01-26,AAPL,163.5,164.39,157.82,159.69,108275300,-0.09,-0.0,2022-01-01
17,2022-01-27,AAPL,162.45,163.84,158.28,159.22,121954600,-0.47,-0.0,2022-01-01
18,2022-01-28,AAPL,165.71,170.35,162.8,170.33,179935700,11.11,0.07,2022-01-01
19,2022-01-31,AAPL,170.16,175.0,169.51,174.78,115541600,4.45,0.03,2022-01-01
20,2022-02-01,AAPL,174.01,174.84,172.31,174.61,86213900,-0.17,-0.0,2022-01-01
21,2022-02-02,AAPL,174.75,175.88,173.33,175.84,84914300,1.23,0.01,2022-02-01
22,2022-02-03,AAPL,174.48,176.24,172.12,172.9,89418100,-2.94,-0.02,2022-02-01
23,2022-02-04,AAPL,171.68,174.1,170.68,172.39,82465400,-0.51,-0.0,2022-02-01
24,2022-02-07,AAPL,172.86,173.95,170.95,171.66,77251200,-0.73,-0.0,2022-02-01
25,2022-02-08,AAPL,171.73,175.35,171.43,174.83,74829200,3.17,0.02,2022-02-01
26,2022-02-09,AAPL,176.05,176.65,174.9,176.28,71285000,1.45,0.01,2022-02-01
27,2022-02-10,AAPL,174.14,175.48,171.55,172.12,90865900,-4.16,-0.02,2022-02-01
28,2022-02-11,AAPL,172.33,173.08,168.04,168.64,98670700,-3.48,-0.02,2022-02-01
29,2022-02-14,AAPL,167.37,169.58,166.56,168.88,86185500,0.24,0.0,2022-02-01
30,2022-02-15,AAPL,170.97,172.95,170.25,172.79,62527400,3.91,0.02,2022-02-01
31,2022-02-16,AAPL,171.85,173.34,170.05,172.55,61177400,-0.24,-0.0,2022-02-01
32,2022-02-17,AAPL,171.03,171.91,168.47,168.88,69589300,-3.67,-0.02,2022-02-01
33,2022-02-18,AAPL,169.82,170.54,166.19,167.3,82772700,-1.58,-0.01,2022-02-01
34,2022-02-22,AAPL,164.98,166.69,162.15,164.32,91162800,-2.98,-0.02,2022-02-01
35,2022-02-23,AAPL,165.54,166.15,159.75,160.07,90009200,-4.25,-0.03,2022-02-01
36,2022-02-24,AAPL,152.58,162.85,152.0,162.74,141147500,2.67,0.02,2022-02-01
37,2022-02-25,AAPL,163.84,165.12,160.87,164.85,91974200,2.11,0.01,2022-02-01
38,2022-02-28,AAPL,163.06,165.42,162.43,165.12,95056600,0.27,0.0,2022-02-01
39,2022-03-01,AAPL,164.7,166.6,161.97,163.2,83474400,-1.92,-0.01,2022-02-01
40,2022-03-02,AAPL,164.39,167.36,162.95,166.56,79724800,3.36,0.02,2022-03-01
41,2022-03-03,AAPL,168.47,168.91,165.55,166.23,76678400,-0.33,-0.0,2022-03-01
42,2022-03-04,AAPL,164.49,165.55,162.1,163.17,83737200,-3.06,-0.02,2022-03-01
43,2022-03-07,AAPL,163.36,165.02,159.04,159.3,96418800,-3.87,-0.02,2022-03-01
44,2022-03-08,AAPL,158.82,162.88,155.8,157.44,131148300,-1.86,-0.01,2022-03-01
45,2022-03-09,AAPL,161.48,163.41,159.41,162.95,91454900,5.51,0.03,2022-03-01
46,2022-03-10,AAPL,160.2,160.39,155.98,158.52,105342000,-4.43,-0.03,2022-03-01
47,2022-03-11,AAPL,158.93,159.28,154.5,154.73,96970100,-3.79,-0.02,2022-03-01
48,2022-03-14,AAPL,151.45,154.12,150.1,150.62,108732100,-4.11,-0.03,2022-03-01
49,2022-03-15,AAPL,150.9,155.57,150.38,155.09,92964300,4.47,0.03,2022-03-01
50,2022-03-16,AAPL,157.05,160.0,154.46,159.59,102300200,4.5,0.03,2022-03-01
51,2022-03-17,AAPL,158.61,161.0,157.63,160.62,75615400,1.03,0.01,2022-03-01
52,2022-03-18,AAPL,160.51,164.48,159.76,163.98,123511700,3.36,0.02,2022-03-01
53,2022-03-21,AAPL,163.51,166.35,163.01,165.38,95811400,1.4,0.01,2022-03-01
54,2022-03-22,AAPL,165.51,169.42,164.91,168.82,81532000,3.44,0.02,2022-03-01
55,2022-03-23,AAPL,167.99,172.64,167.65,170.21,98062700,1.39,0.01,2022-03-01
56,2022-03-24,AAPL,171.06,174.14,170.21,174.07,90131400,3.86,0.02,2022-03-01
57,2022-03-25,AAPL,173.88,175.28,172.75,174.72,80546200,0.65,0.0,2022-03-01
58,2022-03-28,AAPL,172.17,175.73,172.0,175.6,90371900,0.88,0.01,2022-03-01
59,2022-03-29,AAPL,176.69,179.01,176.34,178.96,100589400,3.36,0.02,2022-03-01
60,2022-03-30,AAPL,178.55,179.61,176.7,177.77,92633200,-1.19,-0.01,2022-03-01
61,2022-03-31,AAPL,177.84,178.03,174.4,174.61,103049300,-3.16,-0.02,2022-03-01
62,2022-04-01,AAPL,174.03,174.88,171.94,174.31,78751300,-0.3,-0.0,2022-03-01
63,2022-04-04,AAPL,174.57,178.49,174.44,178.44,76468400,4.13,0.02,2022-04-01
64,2022-04-05,AAPL,177.5,178.3,174.42,175.06,73401800,-3.38,-0.02,2022-04-01
65,2022-04-06,AAPL,172.36,173.63,170.13,171.83,89058800,-3.23,-0.02,2022-04-01
66,2022-04-07,AAPL,171.16,173.36,169.85,172.14,77594700,0.31,0.0,2022-04-01
67,2022-04-08,AAPL,171.78,171.78,169.2,170.09,76575500,-2.05,-0.01,2022-04-01
68,2022-04-11,AAPL,168.71,169.03,165.5,165.75,72246700,-4.34,-0.03,2022-04-01
69,2022-04-12,AAPL,168.02,169.87,166.64,167.66,79265200,1.91,0.01,2022-04-01
70,2022-04-13,AAPL,167.39,171.04,166.77,170.4,70618900,2.74,0.02,2022-04-01
71,2022-04-14,AAPL,170.62,171.27,165.04,165.29,75329400,-5.11,-0.03,2022-04-01
72,2022-04-18,AAPL,163.92,166.6,163.57,165.07,69023900,-0.22,-0.0,2022-04-01
73,2022-04-19,AAPL,165.02,167.82,163.91,167.4,67723800,2.33,0.01,2022-04-01
74,2022-04-20,AAPL,168.76,168.88,166.1,167.23,67929800,-0.17,-0.0,2022-04-01
75,2022-04-21,AAPL,168.91,171.53,165.91,166.42,87227800,-0.81,-0.0,2022-04-01
76,2022-04-22,AAPL,166.46,167.87,161.5,161.79,84882400,-4.63,-0.03,2022-04-01
77,2022-04-25,AAPL,161.12,163.17,158.46,162.88,96046400,1.09,0.01,2022-04-01
78,2022-04-26,AAPL,162.25,162.34,156.72,156.8,95623200,-6.08,-0.04,2022-04-01
79,2022-04-27,AAPL,155.91,159.79,155.38,156.57,88063200,-0.23,-0.0,2022-04-01
80,2022-04-28,AAPL,159.25,164.52,158.93,163.64,130216800,7.07,0.05,2022-04-01
81,2022-04-29,AAPL,161.84,166.2,157.25,157.65,131747600,-5.99,-0.04,2022-04-01
82,2022-05-02,AAPL,156.71,158.23,153.27,157.96,123055300,0.31,0.0,2022-05-01
83,2022-05-03,AAPL,158.15,160.71,156.32,159.48,88966500,1.52,0.01,2022-05-01
84,2022-05-04,AAPL,159.67,166.48,159.26,166.02,108256500,6.54,0.04,2022-05-01
85,2022-05-05,AAPL,163.85,164.08,154.95,156.77,130525300,-9.25,-0.06,2022-05-01
86,2022-05-06,AAPL,156.01,159.44,154.18,157.28,116124600,0.51,0.0,2022-05-01
87,2022-05-09,AAPL,154.93,155.83,151.49,152.06,131577900,-5.22,-0.03,2022-05-01
88,2022-05-10,AAPL,155.52,156.74,152.93,154.51,115366700,2.45,0.02,2022-05-01
89,2022-05-11,AAPL,153.5,155.45,145.81,146.5,142689800,-8.01,-0.05,2022-05-01
90,2022-05-12,AAPL,142.77,146.2,138.8,142.56,182602000,-3.94,-0.03,2022-05-01
91,2022-05-13,AAPL,144.59,148.1,143.11,147.11,113990900,4.55,0.03,2022-05-01
92,2022-05-16,AAPL,145.55,147.52,144.18,145.54,86643800,-1.57,-0.01,2022-05-01
93,2022-05-17,AAPL,148.86,149.77,146.68,149.24,78336300,3.7,0.03,2022-05-01
94,2022-05-18,AAPL,146.85,147.36,139.9,140.82,109742900,-8.42,-0.06,2022-05-01
95,2022-05-19,AAPL,139.88,141.66,136.6,137.35,136095600,-3.47,-0.02,2022-05-01
96,2022-05-20,AAPL,139.09,140.7,132.61,137.59,137426100,0.24,0.0,2022-05-01
97,2022-05-23,AAPL,137.79,143.26,137.65,143.11,117726300,5.52,0.04,2022-05-01
98,2022-05-24,AAPL,140.81,141.97,137.33,140.36,104132700,-2.75,-0.02,2022-05-01
99,2022-05-25,AAPL,138.43,141.79,138.34,140.52,92482700,0.16,0.0,2022-05-01
100,2022-05-26,AAPL,137.39,144.34,137.14,143.78,90601500,3.26,0.02,2022-05-01
101,2022-05-27,AAPL,145.39,149.68,145.26,149.64,90978500,5.86,0.04,2022-05-01
102,2022-05-31,AAPL,149.07,150.66,146.84,148.84,103718400,-0.8,-0.01,2022-05-01
103,2022-06-01,AAPL,149.9,151.74,147.68,148.71,74286600,-0.13,-0.0,2022-05-01
104,2022-06-02,AAPL,147.83,151.27,146.86,151.21,72348100,2.5,0.02,2022-06-01
105,2022-06-03,AAPL,146.9,147.97,144.46,145.38,88570300,-5.83,-0.04,2022-06-01
106,2022-06-06,AAPL,147.03,148.57,144.9,146.14,71598400,0.76,0.01,2022-06-01
107,2022-06-07,AAPL,144.35,149.0,144.1,148.71,67808200,2.57,0.02,2022-06-01
108,2022-06-08,AAPL,148.58,149.87,147.46,147.96,53950200,-0.75,-0.01,2022-06-01
109,2022-06-09,AAPL,147.08,147.95,142.53,142.64,69473000,-5.32,-0.04,2022-06-01
110,2022-06-10,AAPL,140.28,140.76,137.06,137.13,91437900,-5.51,-0.04,2022-06-01
111,2022-06-13,AAPL,132.87,135.2,131.44,131.88,122207100,-5.25,-0.04,2022-06-01
112,2022-06-14,AAPL,133.13,133.89,131.48,132.76,84784300,0.88,0.01,2022-06-01
113,2022-06-15,AAPL,134.29,137.34,132.16,135.43,91533000,2.67,0.02,2022-06-01
114,2022-06-16,AAPL,132.08,132.39,129.04,130.06,108123900,-5.37,-0.04,2022-06-01
115,2022-06-17,AAPL,130.07,133.08,129.81,131.56,134520300,1.5,0.01,2022-06-01
116,2022-06-21,AAPL,133.42,137.06,133.32,135.87,81000500,4.31,0.03,2022-06-01
117,2022-06-22,AAPL,134.79,137.76,133.91,135.35,73409200,-0.52,-0.0,2022-06-01
118,2022-06-23,AAPL,136.82,138.59,135.63,138.27,72433800,2.92,0.02,2022-06-01
119,2022-06-24,AAPL,139.9,141.91,139.77,141.66,89116800,3.39,0.02,2022-06-01
120,2022-06-27,AAPL,142.7,143.49,140.97,141.66,70207900,0.0,0.0,2022-06-01
121,2022-06-28,AAPL,142.13,143.42,137.32,137.44,67083400,-4.22,-0.03,2022-06-01
122,2022-06-29,AAPL,137.46,140.67,136.67,139.23,66242400,1.79,0.01,2022-06-01
123,2022-06-30,AAPL,137.25,138.37,133.77,136.72,98964500,-2.51,-0.02,2022-06-01
124,2022-07-01,AAPL,136.04,139.04,135.66,138.93,71051600,2.21,0.02,2022-06-01
125,2022-07-05,AAPL,137.77,141.61,136.93,141.56,73353800,2.63,0.02,2022-07-01
126,2022-07-06,AAPL,141.35,144.12,141.08,142.92,74064300,1.36,0.01,2022-07-01
127,2022-07-07,AAPL,143.29,146.55,143.28,146.35,66253700,3.43,0.02,2022-07-01
128,2022-07-08,AAPL,145.26,147.55,145.0,147.04,64547800,0.69,0.0,2022-07-01
129,2022-07-11,AAPL,145.67,146.64,143.78,144.87,63141600,-2.17,-0.01,2022-07-01
130,2022-07-12,AAPL,145.76,148.45,145.05,145.86,77588800,0.99,0.01,2022-07-01
131,2022-07-13,AAPL,142.99,146.45,142.12,145.49,71185600,-0.37,-0.0,2022-07-01
132,2022-07-14,AAPL,144.08,148.95,143.25,148.47,78140700,2.98,0.02,2022-07-01
133,2022-07-15,AAPL,149.78,150.86,148.2,150.17,76259900,1.7,0.01,2022-07-01
134,2022-07-18,AAPL,150.74,151.57,146.7,147.07,81420900,-3.1,-0.02,2022-07-01
135,2022-07-19,AAPL,147.92,151.23,146.91,151.0,82982400,3.93,0.03,2022-07-01
136,2022-07-20,AAPL,151.12,153.72,150.37,153.04,64823400,2.04,0.01,2022-07-01
137,2022-07-21,AAPL,154.5,155.57,151.94,155.35,65086600,2.31,0.02,2022-07-01
138,2022-07-22,AAPL,155.39,156.28,153.41,154.09,66675400,-1.26,-0.01,2022-07-01
139,2022-07-25,AAPL,154.01,155.04,152.28,152.95,53623900,-1.14,-0.01,2022-07-01
140,2022-07-26,AAPL,152.26,153.09,150.8,151.6,55138700,-1.35,-0.01,2022-07-01
141,2022-07-27,AAPL,152.58,157.33,152.16,156.79,78620700,5.19,0.03,2022-07-01
142,2022-07-28,AAPL,156.98,157.64,154.41,157.35,81378700,0.56,0.0,2022-07-01
143,2022-07-29,AAPL,161.24,163.63,159.5,162.51,101786900,5.16,0.03,2022-07-01
144,2022-08-01,AAPL,161.01,163.59,160.89,161.51,67829400,-1.0,-0.01,2022-07-01
145,2022-08-02,AAPL,160.1,162.41,159.63,160.01,59907000,-1.5,-0.01,2022-08-01
146,2022-08-03,AAPL,160.84,166.59,160.75,166.13,82507500,6.12,0.04,2022-08-01
147,2022-08-04,AAPL,166.01,167.19,164.43,165.81,55474100,-0.32,-0.0,2022-08-01
148,2022-08-05,AAPL,163.21,165.85,163.0,165.35,56697000,-0.46,-0.0,2022-08-01
149,2022-08-08,AAPL,166.37,167.81,164.2,164.87,60276900,-0.48,-0.0,2022-08-01
150,2022-08-09,AAPL,164.02,165.82,163.25,164.92,63135500,0.05,0.0,2022-08-01
151,2022-08-10,AAPL,167.68,169.34,166.9,169.24,70170500,4.32,0.03,2022-08-01
152,2022-08-11,AAPL,170.06,170.99,168.19,168.49,57149200,-0.75,-0.0,2022-08-01
153,2022-08-12,AAPL,169.82,172.17,169.4,172.1,68039400,3.61,0.02,2022-08-01
154,2022-08-15,AAPL,171.52,173.39,171.35,173.19,54091700,1.09,0.01,2022-08-01
155,2022-08-16,AAPL,172.78,173.71,171.66,173.03,56377100,-0.16,-0.0,2022-08-01
156,2022-08-17,AAPL,172.77,176.15,172.57,174.55,79542000,1.52,0.01,2022-08-01
157,2022-08-18,AAPL,173.75,174.9,173.12,174.15,62290100,-0.4,-0.0,2022-08-01
158,2022-08-19,AAPL,173.03,173.74,171.31,171.52,70346300,-2.63,-0.02,2022-08-01
159,2022-08-22,AAPL,169.69,169.86,167.14,167.57,69026800,-3.95,-0.02,2022-08-01
160,2022-08-23,AAPL,167.08,168.71,166.65,167.23,54147100,-0.34,-0.0,2022-08-01
161,2022-08-24,AAPL,167.32,168.11,166.25,167.53,53841500,0.3,0.0,2022-08-01
162,2022-08-25,AAPL,168.78,170.14,168.35,170.03,51218200,2.5,0.01,2022-08-01
163,2022-08-26,AAPL,170.57,171.05,163.56,163.62,78961000,-6.41,-0.04,2022-08-01
164,2022-08-29,AAPL,161.15,162.9,159.82,161.38,73314000,-2.24,-0.01,2022-08-01
165,2022-08-30,AAPL,162.13,162.56,157.72,158.91,77906200,-2.47,-0.02,2022-08-01
166,2022-08-31,AAPL,160.31,160.58,157.14,157.22,87991100,-1.69,-0.01,2022-08-01
167,2022-09-01,AAPL,156.64,158.42,154.67,157.96,74229900,0.74,0.0,2022-08-01
168,2022-09-02,AAPL,159.75,160.36,154.97,155.81,76957800,-2.15,-0.01,2022-09-01
169,2022-09-06,AAPL,156.47,157.09,153.69,154.53,73714800,-1.28,-0.01,2022-09-01
170,2022-09-07,AAPL,154.82,156.67,153.61,155.96,87449600,1.43,0.01,2022-09-01
171,2022-09-08,AAPL,154.64,156.36,152.68,154.46,84923800,-1.5,-0.01,2022-09-01
172,2022-09-09,AAPL,155.47,157.82,154.75,157.37,68028800,2.91,0.02,2022-09-01
173,2022-09-12,AAPL,159.59,164.26,159.3,163.43,104956000,6.06,0.04,2022-09-01
174,2022-09-13,AAPL,159.9,160.54,153.37,153.84,122656600,-9.59,-0.06,2022-09-01
175,2022-09-14,AAPL,154.79,157.1,153.61,155.31,87965400,1.47,0.01,2022-09-01
176,2022-09-15,AAPL,154.65,155.24,151.38,152.37,90481100,-2.94,-0.02,2022-09-01
177,2022-09-16,AAPL,151.21,151.35,148.37,150.7,162278800,-1.67,-0.01,2022-09-01
178,2022-09-19,AAPL,149.31,154.56,149.1,154.48,81474200,3.78,0.03,2022-09-01
179,2022-09-20,AAPL,153.4,158.08,153.08,156.9,107689800,2.42,0.02,2022-09-01
180,2022-09-21,AAPL,157.34,158.74,153.6,153.72,101696800,-3.18,-0.02,2022-09-01
181,2022-09-22,AAPL,152.38,154.47,150.91,152.74,86652500,-0.98,-0.01,2022-09-01
182,2022-09-23,AAPL,151.19,151.47,148.56,150.43,96029900,-2.31,-0.02,2022-09-01
183,2022-09-26,AAPL,149.66,153.77,149.64,150.77,93339400,0.34,0.0,2022-09-01
184,2022-09-27,AAPL,152.74,154.72,149.95,151.76,84442700,0.99,0.01,2022-09-01
185,2022-09-28,AAPL,147.64,150.64,144.84,149.84,146691400,-1.92,-0.01,2022-09-01
186,2022-09-29,AAPL,146.1,146.72,140.68,142.48,128138200,-7.36,-0.05,2022-09-01
187,2022-09-30,AAPL,141.28,143.1,138.0,138.2,124925300,-4.28,-0.03,2022-09-01
188,2022-10-03,AAPL,138.21,143.07,137.69,142.45,114311700,4.25,0.03,2022-10-01
189,2022-10-04,AAPL,145.03,146.22,144.26,146.1,87830100,3.65,0.03,2022-10-01
190,2022-10-05,AAPL,144.07,147.38,143.01,146.4,79471000,0.3,0.0,2022-10-01
191,2022-10-06,AAPL,145.81,147.54,145.22,145.43,68402200,-0.97,-0.01,2022-10-01
192,2022-10-07,AAPL,142.54,143.1,139.45,140.09,85925600,-5.34,-0.04,2022-10-01
193,2022-10-10,AAPL,140.42,141.89,138.57,140.42,74899000,0.33,0.0,2022-10-01
194,2022-10-11,AAPL,139.9,141.35,138.22,138.98,77033700,-1.44,-0.01,2022-10-01
195,2022-10-12,AAPL,139.13,140.36,138.16,138.34,70433700,-0.64,-0.0,2022-10-01
196,2022-10-13,AAPL,134.99,143.59,134.37,142.99,113224000,4.65,0.03,2022-10-01
197,2022-10-14,AAPL,144.31,144.52,138.19,138.38,88598000,-4.61,-0.03,2022-10-01
198,2022-10-17,AAPL,141.07,142.9,140.27,142.41,85250900,4.03,0.03,2022-10-01
199,2022-10-18,AAPL,145.49,146.7,140.61,143.75,99136600,1.34,0.01,2022-10-01
200,2022-10-19,AAPL,141.69,144.95,141.5,143.86,61758300,0.11,0.0,2022-10-01
201,2022-10-20,AAPL,143.02,145.89,142.65,143.39,64522000,-0.47,-0.0,2022-10-01
202,2022-10-21,AAPL,142.87,147.85,142.65,147.27,86548600,3.88,0.03,2022-10-01
203,2022-10-24,AAPL,147.19,150.23,146.0,149.45,75981900,2.18,0.01,2022-10-01
204,2022-10-25,AAPL,150.09,152.49,149.36,152.34,74732300,2.89,0.02,2022-10-01
205,2022-10-26,AAPL,150.96,151.99,148.04,149.35,88194300,-2.99,-0.02,2022-10-01
206,2022-10-27,AAPL,148.07,149.05,144.13,144.8,109180200,-4.55,-0.03,2022-10-01
207,2022-10-28,AAPL,148.2,157.5,147.82,155.74,164762400,10.94,0.08,2022-10-01
208,2022-10-31,AAPL,153.16,154.24,151.92,153.34,97943200,-2.4,-0.02,2022-10-01
209,2022-11-01,AAPL,155.08,155.45,149.13,150.65,80379300,-2.69,-0.02,2022-10-01
210,2022-11-02,AAPL,148.95,152.17,145.0,145.03,93604600,-5.62,-0.04,2022-11-01
211,2022-11-03,AAPL,142.06,142.8,138.75,138.88,97918500,-6.15,-0.04,2022-11-01
212,2022-11-04,AAPL,142.09,142.67,134.38,138.38,140814800,-0.5,-0.0,2022-11-01
213,2022-11-07,AAPL,137.11,139.15,135.67,138.92,83374600,0.54,0.0,2022-11-01
214,2022-11-08,AAPL,140.41,141.43,137.49,139.5,89908500,0.58,0.0,2022-11-01
215,2022-11-09,AAPL,138.5,138.55,134.59,134.87,74917800,-4.63,-0.03,2022-11-01
216,2022-11-10,AAPL,141.24,146.87,139.5,146.87,118854000,12.0,0.09,2022-11-01
217,2022-11-11,AAPL,145.82,150.01,144.37,149.7,93979700,2.83,0.02,2022-11-01
218,2022-11-14,AAPL,148.97,150.28,147.43,148.28,73374100,-1.42,-0.01,2022-11-01
219,2022-11-15,AAPL,152.22,153.59,148.56,150.04,89868300,1.76,0.01,2022-11-01
220,2022-11-16,AAPL,149.13,149.87,147.29,148.79,64218300,-1.25,-0.01,2022-11-01
221,2022-11-17,AAPL,146.43,151.48,146.15,150.72,80389400,1.93,0.01,2022-11-01
222,2022-11-18,AAPL,152.31,152.7,149.97,151.29,74829600,0.57,0.0,2022-11-01
223,2022-11-21,AAPL,150.16,150.37,147.72,148.01,58724100,-3.28,-0.02,2022-11-01
224,2022-11-22,AAPL,148.13,150.42,146.93,150.18,51804100,2.17,0.01,2022-11-01
225,2022-11-23,AAPL,149.45,151.83,149.34,151.07,58301400,0.89,0.01,2022-11-01
226,2022-11-25,AAPL,148.31,148.88,147.12,148.11,35195900,-2.96,-0.02,2022-11-01
227,2022-11-28,AAPL,145.14,146.64,143.38,144.22,69246000,-3.89,-0.03,2022-11-01
228,2022-11-29,AAPL,144.29,144.81,140.35,141.17,83763800,-3.05,-0.02,2022-11-01
229,2022-11-30,AAPL,141.4,148.72,140.55,148.03,111380900,6.86,0.05,2022-11-01
230,2022-12-01,AAPL,148.21,149.13,146.61,148.31,71250400,0.28,0.0,2022-11-01
231,2022-12-02,AAPL,145.96,148.0,145.65,147.81,65447400,-0.5,-0.0,2022-12-01
232,2022-12-05,AAPL,147.77,150.92,145.77,146.63,68826400,-1.18,-0.01,2022-12-01
233,2022-12-06,AAPL,147.07,147.3,141.92,142.91,64727200,-3.72,-0.03,2022-12-01
234,2022-12-07,AAPL,142.19,143.37,140.0,140.94,69721100,-1.97,-0.01,2022-12-01
235,2022-12-08,AAPL,142.36,143.52,141.1,142.65,62128300,1.71,0.01,2022-12-01
236,2022-12-09,AAPL,142.34,145.57,140.9,142.16,76097000,-0.49,-0.0,2022-12-01
237,2022-12-12,AAPL,142.7,144.5,141.06,144.49,70462700,2.33,0.02,2022-12-01
238,2022-12-13,AAPL,149.5,149.97,144.24,145.47,93886200,0.98,0.01,2022-12-01
239,2022-12-14,AAPL,145.35,146.66,141.16,143.21,82291200,-2.26,-0.02,2022-12-01
240,2022-12-15,AAPL,141.11,141.8,136.03,136.5,98931900,-6.71,-0.05,2022-12-01
241,2022-12-16,AAPL,136.69,137.65,133.73,134.51,160156900,-1.99,-0.01,2022-12-01
242,2022-12-19,AAPL,135.11,135.2,131.32,132.37,79592600,-2.14,-0.02,2022-12-01
243,2022-12-20,AAPL,131.39,133.25,129.89,132.3,77432800,-0.07,-0.0,2022-12-01
244,2022-12-21,AAPL,132.98,136.81,132.75,135.45,85928000,3.15,0.02,2022-12-01
245,2022-12-22,AAPL,134.35,134.56,130.3,132.23,77852100,-3.22,-0.02,2022-12-01
246,2022-12-23,AAPL,130.92,132.42,129.64,131.86,63814900,-0.37,-0.0,2022-12-01
247,2022-12-27,AAPL,131.38,131.41,128.72,130.03,69007800,-1.83,-0.01,2022-12-01
248,2022-12-28,AAPL,129.67,131.03,125.87,126.04,85438400,-3.99,-0.03,2022-12-01
249,2022-12-29,AAPL,127.99,130.48,127.73,129.61,75703700,3.57,0.03,2022-12-01
250,2022-12-30,AAPL,128.41,129.95,127.43,129.93,76960600,0.32,0.0,2022-12-01
251,2023-01-03,AAPL,130.28,130.9,124.17,125.07,112117500,-4.86,-0.04,2023-01-01
252,2023-01-04,AAPL,126.89,128.66,125.08,126.36,89113600,1.29,0.01,2023-01-01
253,2023-01-05,AAPL,127.13,127.77,124.76,125.02,80962700,-1.34,-0.01,2023-01-01
254,2023-01-06,AAPL,126.01,130.29,124.89,129.62,87686600,4.6,0.04,2023-01-01
255,2023-01-09,AAPL,130.47,133.41,129.89,130.15,70790800,0.53,0.0,2023-01-01
256,2023-01-10,AAPL,130.26,131.26,128.12,130.73,63896200,0.58,0.0,2023-01-01
257,2023-01-11,AAPL,131.25,133.51,130.46,133.49,69458900,2.76,0.02,2023-01-01
258,2023-01-12,AAPL,133.88,134.26,131.44,133.41,71379600,-0.08,-0.0,2023-01-01
259,2023-01-13,AAPL,132.03,134.92,131.66,134.76,57758000,1.35,0.01,2023-01-01
260,2023-01-17,AAPL,134.83,137.29,134.13,135.94,63646600,1.18,0.01,2023-01-01
261,2023-01-18,AAPL,136.82,138.61,135.03,135.21,69672800,-0.73,-0.01,2023-01-01
262,2023-01-19,AAPL,134.08,136.25,133.77,135.27,58280400,0.06,0.0,2023-01-01
263,2023-01-20,AAPL,135.28,138.02,134.22,137.87,79972200,2.6,0.02,2023-01-01
0,2022-01-03,GOOG,144.48,145.55,143.5,145.07,25214000,,,2022-01-01
1,2022-01-04,GOOG,145.55,146.61,143.82,144.42,22928000,-0.66,-0.0,2022-01-01
2,2022-01-05,GOOG,144.18,144.3,137.52,137.65,49642000,-6.76,-0.05,2022-01-01
3,2022-01-06,GOOG,137.5,139.69,136.76,137.55,29050000,-0.1,-0.0,2022-01-01
4,2022-01-07,GOOG,137.9,138.25,135.79,137.0,19408000,-0.55,-0.0,2022-01-01
5,2022-01-10,GOOG,135.1,138.64,133.14,138.57,34096000,1.57,0.01,2022-01-01
6,2022-01-11,GOOG,138.18,140.33,136.81,140.02,23502000,1.44,0.01,2022-01-01
7,2022-01-12,GOOG,141.55,142.81,141.11,141.65,23642000,1.63,0.01,2022-01-01
8,2022-01-13,GOOG,141.84,143.19,138.91,139.13,26566000,-2.52,-0.02,2022-01-01
9,2022-01-14,GOOG,137.5,141.2,137.5,139.79,23826000,0.66,0.0,2022-01-01
10,2022-01-18,GOOG,136.6,137.39,135.62,136.29,27382000,-3.5,-0.03,2022-01-01
11,2022-01-19,GOOG,136.94,138.4,135.5,135.65,20796000,-0.64,-0.0,2022-01-01
12,2022-01-20,GOOG,136.51,137.91,133.14,133.51,21930000,-2.15,-0.02,2022-01-01
13,2022-01-21,GOOG,133.01,134.76,130.0,130.09,41920000,-3.41,-0.03,2022-01-01
14,2022-01-24,GOOG,126.03,130.78,124.64,130.37,55148000,0.28,0.0,2022-01-01
15,2022-01-25,GOOG,128.44,129.34,126.38,126.74,36008000,-3.64,-0.03,2022-01-01
16,2022-01-26,GOOG,130.59,132.81,127.15,129.24,39630000,2.5,0.02,2022-01-01
17,2022-01-27,GOOG,131.36,132.61,128.95,129.12,30248000,-0.12,-0.0,2022-01-01
18,2022-01-28,GOOG,130.0,133.37,128.69,133.29,30518000,4.17,0.03,2022-01-01
19,2022-01-31,GOOG,134.2,135.84,132.27,135.7,34056000,2.41,0.02,2022-01-01
20,2022-02-01,GOOG,137.84,138.2,134.57,137.88,51204000,2.18,0.02,2022-01-01
21,2022-02-02,GOOG,151.86,152.1,145.56,148.04,89750000,10.16,0.07,2022-02-01
22,2022-02-03,GOOG,145.29,149.12,142.21,142.65,56930000,-5.39,-0.04,2022-02-01
23,2022-02-04,GOOG,143.02,144.54,139.82,143.02,49224000,0.37,0.0,2022-02-01
24,2022-02-07,GOOG,143.71,143.85,138.7,138.94,44610000,-4.08,-0.03,2022-02-01
25,2022-02-08,GOOG,138.99,139.84,136.87,139.21,34256000,0.27,0.0,2022-02-01
26,2022-02-09,GOOG,140.85,142.18,140.38,141.45,28628000,2.24,0.02,2022-02-01
27,2022-02-10,GOOG,139.5,141.43,138.05,138.6,33018000,-2.85,-0.02,2022-02-01
28,2022-02-11,GOOG,138.75,139.28,133.29,134.13,38808000,-4.47,-0.03,2022-02-01
29,2022-02-14,GOOG,133.37,136.17,133.3,135.3,26792000,1.17,0.01,2022-02-01
30,2022-02-15,GOOG,137.47,137.9,135.54,136.43,26578000,1.13,0.01,2022-02-01
31,2022-02-16,GOOG,136.43,137.95,134.82,137.49,25610000,1.06,0.01,2022-02-01
32,2022-02-17,GOOG,136.15,136.84,132.2,132.31,30968000,-5.18,-0.04,2022-02-01
33,2022-02-18,GOOG,133.04,133.82,130.31,130.47,31858000,-1.84,-0.01,2022-02-01
34,2022-02-22,GOOG,129.99,131.9,127.74,129.4,38906000,-1.07,-0.01,2022-02-01
35,2022-02-23,GOOG,131.08,131.75,127.5,127.58,26432000,-1.82,-0.01,2022-02-01
36,2022-02-24,GOOG,125.0,133.04,124.76,132.67,43166000,5.09,0.04,2022-02-01
37,2022-02-25,GOOG,133.53,135.39,131.76,134.52,26236000,1.85,0.01,2022-02-01
38,2022-02-28,GOOG,133.28,135.64,132.83,134.89,29676000,0.37,0.0,2022-02-01
39,2022-03-01,GOOG,134.48,136.11,133.38,134.17,24640000,-0.72,-0.01,2022-02-01
40,2022-03-02,GOOG,134.61,135.62,133.43,134.75,23966000,0.58,0.0,2022-03-01
41,2022-03-03,GOOG,135.98,136.71,133.43,134.31,19780000,-0.44,-0.0,2022-03-01
42,2022-03-04,GOOG,133.38,134.2,130.41,132.12,24446000,-2.19,-0.02,2022-03-01
43,2022-03-07,GOOG,131.9,131.9,126.41,126.46,39178000,-5.66,-0.04,2022-03-01
44,2022-03-08,GOOG,126.25,131.25,125.86,127.28,35250000,0.81,0.01,2022-03-01
45,2022-03-09,GOOG,131.4,134.2,130.09,133.87,32258000,6.59,0.05,2022-03-01
46,2022-03-10,GOOG,131.46,133.54,131.4,132.68,24266000,-1.18,-0.01,2022-03-01
47,2022-03-11,GOOG,134.0,134.2,130.3,130.48,26600000,-2.21,-0.02,2022-03-01
48,2022-03-14,GOOG,130.57,131.03,126.41,126.74,30254000,-3.73,-0.03,2022-03-01
49,2022-03-15,GOOG,127.74,130.52,126.57,129.66,30292000,2.92,0.02,2022-03-01
50,2022-03-16,GOOG,131.0,133.77,129.2,133.69,32058000,4.03,0.03,2022-03-01
51,2022-03-17,GOOG,133.32,134.74,132.72,134.6,23994000,0.91,0.01,2022-03-01
52,2022-03-18,GOOG,133.88,136.91,132.93,136.8,45900000,2.2,0.02,2022-03-01
53,2022-03-21,GOOG,136.85,137.58,134.61,136.48,26632000,-0.32,-0.0,2022-03-01
54,2022-03-22,GOOG,136.5,141.5,136.5,140.28,29776000,3.8,0.03,2022-03-01
55,2022-03-23,GOOG,139.14,140.02,138.17,138.5,25302000,-1.77,-0.01,2022-03-01
56,2022-03-24,GOOG,139.27,141.4,138.04,141.31,20544000,2.81,0.02,2022-03-01
57,2022-03-25,GOOG,141.75,141.96,139.7,141.52,19270000,0.21,0.0,2022-03-01
58,2022-03-28,GOOG,140.68,141.98,139.83,141.95,23774000,0.43,0.0,2022-03-01
59,2022-03-29,GOOG,143.16,144.16,142.48,143.25,28678000,1.3,0.01,2022-03-01
60,2022-03-30,GOOG,142.87,143.48,142.17,142.64,21046000,-0.61,-0.0,2022-03-01
61,2022-03-31,GOOG,142.45,142.64,139.62,139.65,29516000,-2.99,-0.02,2022-03-01
62,2022-04-01,GOOG,140.01,140.95,138.8,140.7,23480000,1.05,0.01,2022-03-01
63,2022-04-04,GOOG,140.82,144.04,140.82,143.64,19076000,2.94,0.02,2022-04-01
64,2022-04-05,GOOG,143.4,143.59,140.94,141.06,19256000,-2.58,-0.02,2022-04-01
65,2022-04-06,GOOG,139.16,139.85,136.42,137.18,23574000,-3.89,-0.03,2022-04-01
66,2022-04-07,GOOG,136.62,137.7,134.86,136.46,19448000,-0.71,-0.01,2022-04-01
67,2022-04-08,GOOG,136.25,136.25,133.75,134.01,16434000,-2.45,-0.02,2022-04-01
68,2022-04-11,GOOG,132.9,132.94,129.62,129.8,24188000,-4.21,-0.03,2022-04-01
69,2022-04-12,GOOG,132.42,132.42,127.58,128.37,23004000,-1.42,-0.01,2022-04-01
70,2022-04-13,GOOG,128.63,130.66,128.44,130.29,19542000,1.91,0.01,2022-04-01
71,2022-04-14,GOOG,130.65,130.71,127.11,127.25,23484000,-3.03,-0.02,2022-04-01
72,2022-04-18,GOOG,127.41,128.71,126.58,127.96,14918000,0.71,0.01,2022-04-01
73,2022-04-19,GOOG,128.08,130.9,127.45,130.53,22720000,2.57,0.02,2022-04-01
74,2022-04-20,GOOG,131.28,131.92,127.89,128.25,22610000,-2.29,-0.02,2022-04-01
75,2022-04-21,GOOG,129.35,130.31,124.65,124.94,30158000,-3.31,-0.03,2022-04-01
76,2022-04-22,GOOG,125.0,125.45,119.14,119.61,46410000,-5.32,-0.04,2022-04-01
77,2022-04-25,GOOG,119.43,123.28,118.77,123.25,34522000,3.64,0.03,2022-04-01
78,2022-04-26,GOOG,122.75,122.75,119.16,119.51,49394000,-3.74,-0.03,2022-04-01
79,2022-04-27,GOOG,114.37,117.5,113.12,115.02,62238000,-4.49,-0.04,2022-04-01
80,2022-04-28,GOOG,117.11,120.44,115.14,119.41,36790000,4.39,0.04,2022-04-01
81,2022-04-29,GOOG,117.58,118.96,114.69,114.97,33694000,-4.44,-0.04,2022-04-01
82,2022-05-02,GOOG,113.91,117.34,113.4,117.16,30280000,2.19,0.02,2022-05-01
83,2022-05-03,GOOG,116.76,119.3,116.63,118.13,21216000,0.97,0.01,2022-05-01
84,2022-05-04,GOOG,118.0,123.14,115.74,122.57,33232000,4.45,0.04,2022-05-01
85,2022-05-05,GOOG,120.22,121.23,115.18,116.75,43090000,-5.83,-0.05,2022-05-01
86,2022-05-06,GOOG,115.52,117.5,114.14,115.66,35310000,-1.09,-0.01,2022-05-01
87,2022-05-09,GOOG,113.3,115.56,112.55,113.08,34520000,-2.58,-0.02,2022-05-01
88,2022-05-10,GOOG,116.04,116.69,113.38,114.58,31158000,1.5,0.01,2022-05-01
89,2022-05-11,GOOG,113.71,116.67,113.65,113.96,36502000,-0.62,-0.01,2022-05-01
90,2022-05-12,GOOG,111.94,114.86,110.11,113.16,41464000,-0.8,-0.01,2022-05-01
91,2022-05-13,GOOG,114.85,118.08,114.0,116.52,29738000,3.35,0.03,2022-05-01
92,2022-05-16,GOOG,115.38,116.61,114.33,114.79,23282000,-1.72,-0.01,2022-05-01
93,2022-05-17,GOOG,117.23,117.23,115.34,116.7,21576000,1.91,0.02,2022-05-01
94,2022-05-18,GOOG,115.24,115.7,112.14,112.4,27982000,-4.3,-0.04,2022-05-01
95,2022-05-19,GOOG,111.84,113.59,110.47,110.75,29192000,-1.66,-0.01,2022-05-01
96,2022-05-20,GOOG,112.09,112.55,106.37,109.31,37586000,-1.43,-0.01,2022-05-01
97,2022-05-23,GOOG,110.1,112.01,109.15,111.67,31558000,2.35,0.02,2022-05-01
98,2022-05-24,GOOG,106.38,106.39,102.21,105.93,60386000,-5.74,-0.05,2022-05-01
99,2022-05-25,GOOG,105.14,106.54,104.21,105.84,37900000,-0.09,-0.0,2022-05-01
100,2022-05-26,GOOG,106.05,108.96,105.49,108.3,30288000,2.46,0.02,2022-05-01
101,2022-05-27,GOOG,109.79,112.87,109.55,112.8,29924000,4.5,0.04,2022-05-01
102,2022-05-31,GOOG,113.08,116.43,112.57,114.04,51302000,1.24,0.01,2022-05-01
103,2022-06-01,GOOG,114.93,117.4,113.55,114.14,28630000,0.1,0.0,2022-05-01
104,2022-06-02,GOOG,114.19,117.9,113.31,117.75,27472000,3.61,0.03,2022-06-01
105,2022-06-03,GOOG,115.99,116.36,113.67,114.56,25052000,-3.18,-0.03,2022-06-01
106,2022-06-06,GOOG,116.74,119.4,116.53,117.01,23786000,2.45,0.02,2022-06-01
107,2022-06-07,GOOG,115.65,117.75,115.13,117.23,26414000,0.22,0.0,2022-06-01
108,2022-06-08,GOOG,116.88,118.65,116.7,117.24,22544000,0.01,0.0,2022-06-01
109,2022-06-09,GOOG,116.34,118.35,114.87,114.92,23142000,-2.32,-0.02,2022-06-01
110,2022-06-10,GOOG,112.78,113.5,110.86,111.43,31324000,-3.49,-0.03,2022-06-01
111,2022-06-13,GOOG,107.45,109.22,106.59,106.88,36756000,-4.55,-0.04,2022-06-01
112,2022-06-14,GOOG,106.89,108.46,106.35,107.19,25480000,0.32,0.0,2022-06-01
113,2022-06-15,GOOG,108.9,112.06,108.12,110.39,33192000,3.2,0.03,2022-06-01
114,2022-06-16,GOOG,108.15,109.29,105.79,106.64,35314000,-3.75,-0.03,2022-06-01
115,2022-06-17,GOOG,106.54,109.25,105.63,107.87,43516000,1.23,0.01,2022-06-01
116,2022-06-21,GOOG,109.7,112.67,109.29,112.01,39010000,4.15,0.04,2022-06-01
117,2022-06-22,GOOG,111.16,113.77,110.72,112.03,23922000,0.02,0.0,2022-06-01
118,2022-06-23,GOOG,112.95,113.2,111.03,112.68,24710000,0.65,0.01,2022-06-01
119,2022-06-24,GOOG,113.6,118.64,113.6,118.54,39122000,5.85,0.05,2022-06-01
120,2022-06-27,GOOG,118.93,119.25,116.0,116.62,32840000,-1.92,-0.02,2022-06-01
121,2022-06-28,GOOG,116.35,117.86,112.44,112.57,28232000,-4.05,-0.03,2022-06-01
122,2022-06-29,GOOG,112.15,113.66,111.55,112.26,18628000,-0.32,-0.0,2022-06-01
123,2022-06-30,GOOG,110.5,111.33,107.31,109.37,38046000,-2.88,-0.03,2022-06-01
124,2022-07-01,GOOG,108.34,109.81,107.11,109.08,31028000,-0.29,-0.0,2022-06-01
125,2022-07-05,GOOG,107.51,114.05,106.25,113.89,36398000,4.81,0.04,2022-07-01
126,2022-07-06,GOOG,114.09,116.35,112.25,115.21,28852000,1.33,0.01,2022-07-01
127,2022-07-07,GOOG,116.01,119.86,115.53,119.31,32184000,4.09,0.04,2022-07-01
128,2022-07-08,GOOG,117.55,120.43,117.51,120.17,29082000,0.86,0.01,2022-07-01
129,2022-07-11,GOOG,118.65,118.79,116.23,116.52,26718000,-3.65,-0.03,2022-07-01
130,2022-07-12,GOOG,116.84,117.85,114.61,114.85,24970000,-1.67,-0.01,2022-07-01
131,2022-07-13,GOOG,112.64,115.16,111.82,112.19,38958000,-2.66,-0.02,2022-07-01
132,2022-07-14,GOOG,110.83,111.99,109.33,111.44,32366000,-0.75,-0.01,2022-07-01
133,2022-07-15,GOOG,112.96,114.0,111.82,112.77,34330000,1.33,0.01,2022-07-01
134,2022-07-18,GOOG,113.44,114.8,109.3,109.91,33354000,-2.86,-0.03,2022-07-01
135,2022-07-19,GOOG,111.73,114.81,110.5,114.62,30992300,4.71,0.04,2022-07-01
136,2022-07-20,GOOG,114.06,116.33,113.26,114.7,26780100,0.08,0.0,2022-07-01
137,2022-07-21,GOOG,115.09,115.21,111.91,115.04,27267800,0.34,0.0,2022-07-01
138,2022-07-22,GOOG,111.81,113.18,107.6,108.36,44455300,-6.68,-0.06,2022-07-01
139,2022-07-25,GOOG,108.88,110.58,107.01,108.21,28289900,-0.15,-0.0,2022-07-01
140,2022-07-26,GOOG,107.43,107.74,104.76,105.44,36626600,-2.77,-0.03,2022-07-01
141,2022-07-27,GOOG,109.6,114.4,108.42,113.6,41474600,8.16,0.08,2022-07-01
142,2022-07-28,GOOG,112.8,114.7,111.85,114.59,23303800,0.99,0.01,2022-07-01
143,2022-07-29,GOOG,113.4,116.9,113.23,116.64,31336200,2.05,0.02,2022-07-01
144,2022-08-01,GOOG,115.53,117.12,114.69,115.48,22856200,-1.16,-0.01,2022-07-01
145,2022-08-02,GOOG,114.43,117.08,114.26,115.9,17911000,0.42,0.0,2022-08-01
146,2022-08-03,GOOG,116.34,119.42,116.15,118.78,25302800,2.88,0.02,2022-08-01
147,2022-08-04,GOOG,118.3,119.5,117.71,118.87,15757700,0.09,0.0,2022-08-01
148,2022-08-05,GOOG,116.93,118.86,116.71,118.22,15615700,-0.65,-0.01,2022-08-01
149,2022-08-08,GOOG,119.12,120.86,117.83,118.14,17061100,-0.08,-0.0,2022-08-01
150,2022-08-09,GOOG,117.99,118.2,116.56,117.5,15424300,-0.64,-0.01,2022-08-01
151,2022-08-10,GOOG,119.59,121.78,119.36,120.65,20497000,3.15,0.03,2022-08-01
152,2022-08-11,GOOG,122.08,122.34,119.55,119.82,16671600,-0.83,-0.01,2022-08-01
153,2022-08-12,GOOG,121.16,122.65,120.4,122.65,16121100,2.83,0.02,2022-08-01
154,2022-08-15,GOOG,122.21,123.26,121.57,122.88,15525000,0.23,0.0,2022-08-01
155,2022-08-16,GOOG,122.32,123.23,121.54,122.51,15626200,-0.37,-0.0,2022-08-01
156,2022-08-17,GOOG,120.93,122.15,120.2,120.32,17589200,-2.19,-0.02,2022-08-01
157,2022-08-18,GOOG,120.23,121.69,119.55,120.86,15652000,0.54,0.0,2022-08-01
158,2022-08-19,GOOG,119.87,120.0,117.67,118.12,20187000,-2.74,-0.02,2022-08-01
159,2022-08-22,GOOG,116.1,116.5,114.67,115.07,19316000,-3.05,-0.03,2022-08-01
160,2022-08-23,GOOG,114.32,115.93,114.3,114.77,14390700,-0.3,-0.0,2022-08-01
161,2022-08-24,GOOG,114.45,115.72,113.78,114.7,16051200,-0.07,-0.0,2022-08-01
162,2022-08-25,GOOG,115.15,117.78,115.05,117.7,14874700,3.0,0.03,2022-08-01
163,2022-08-26,GOOG,115.81,116.6,111.22,111.3,31698700,-6.4,-0.05,2022-08-01
164,2022-08-29,GOOG,110.78,111.96,109.81,110.34,20386100,-0.96,-0.01,2022-08-01
165,2022-08-30,GOOG,111.03,111.37,108.8,109.91,20548200,-0.43,-0.0,2022-08-01
166,2022-08-31,GOOG,111.63,111.77,109.05,109.15,25898000,-0.76,-0.01,2022-08-01
167,2022-09-01,GOOG,109.2,111.22,108.19,110.55,22784400,1.4,0.01,2022-08-01
168,2022-09-02,GOOG,111.34,111.68,108.13,108.68,20618100,-1.87,-0.02,2022-09-01
169,2022-09-06,GOOG,108.14,108.88,106.51,107.48,20565100,-1.2,-0.01,2022-09-01
170,2022-09-07,GOOG,107.76,110.99,107.61,110.48,22987200,3.0,0.03,2022-09-01
171,2022-09-08,GOOG,109.18,110.58,108.06,109.42,21660700,-1.06,-0.01,2022-09-01
172,2022-09-09,GOOG,110.05,112.0,110.0,111.78,21732900,2.36,0.02,2022-09-01
173,2022-09-12,GOOG,111.99,112.64,110.93,111.87,19732900,0.09,0.0,2022-09-01
174,2022-09-13,GOOG,108.89,109.37,105.0,105.31,33015000,-6.56,-0.06,2022-09-01
175,2022-09-14,GOOG,105.44,106.1,104.5,105.87,22115800,0.56,0.01,2022-09-01
176,2022-09-15,GOOG,105.01,106.21,103.31,103.9,26494900,-1.97,-0.02,2022-09-01
177,2022-09-16,GOOG,102.97,104.03,101.86,103.63,64540100,-0.27,-0.0,2022-09-01
178,2022-09-19,GOOG,102.54,104.02,102.37,103.85,19738600,0.22,0.0,2022-09-01
179,2022-09-20,GOOG,102.88,103.17,101.12,101.83,24001700,-2.02,-0.02,2022-09-01
180,2022-09-21,GOOG,102.24,103.49,99.99,100.01,26596800,-1.82,-0.02,2022-09-01
181,2022-09-22,GOOG,99.45,101.68,99.41,100.57,21272700,0.56,0.01,2022-09-01
182,2022-09-23,GOOG,100.06,100.11,98.01,99.17,25657000,-1.4,-0.01,2022-09-01
183,2022-09-26,GOOG,98.61,100.44,98.38,98.81,22437900,-0.36,-0.0,2022-09-01
184,2022-09-27,GOOG,99.91,100.46,97.34,98.09,24225000,-0.72,-0.01,2022-09-01
185,2022-09-28,GOOG,98.02,101.4,97.8,100.74,24617000,2.65,0.03,2022-09-01
186,2022-09-29,GOOG,99.3,99.3,96.52,98.09,21921500,-2.65,-0.03,2022-09-01
187,2022-09-30,GOOG,97.73,99.49,96.03,96.15,26277800,-1.94,-0.02,2022-09-01
188,2022-10-03,GOOG,97.22,99.97,97.02,99.3,24840000,3.15,0.03,2022-10-01
189,2022-10-04,GOOG,101.04,102.72,101.04,102.41,22580900,3.11,0.03,2022-10-01
190,2022-10-05,GOOG,100.69,102.74,99.74,102.22,18475500,-0.19,-0.0,2022-10-01
191,2022-10-06,GOOG,101.5,103.73,101.5,102.24,17156200,0.02,0.0,2022-10-01
192,2022-10-07,GOOG,100.65,101.42,99.21,99.57,24249900,-2.67,-0.03,2022-10-01
193,2022-10-10,GOOG,99.85,99.99,97.87,98.71,16529900,-0.86,-0.01,2022-10-01
194,2022-10-11,GOOG,98.25,100.12,97.25,98.05,21617700,-0.66,-0.01,2022-10-01
195,2022-10-12,GOOG,98.27,99.65,97.67,98.3,17343400,0.25,0.0,2022-10-01
196,2022-10-13,GOOG,95.93,100.53,95.27,99.71,32812200,1.41,0.01,2022-10-01
197,2022-10-14,GOOG,100.62,101.29,97.03,97.18,22624800,-2.53,-0.03,2022-10-01
198,2022-10-17,GOOG,99.52,101.77,99.51,100.78,23311600,3.6,0.04,2022-10-01
199,2022-10-18,GOOG,103.94,104.22,100.65,101.39,21610500,0.61,0.01,2022-10-01
200,2022-10-19,GOOG,100.7,101.66,99.64,100.29,21573700,-1.1,-0.01,2022-10-01
201,2022-10-20,GOOG,100.82,103.0,99.97,100.53,25125100,0.24,0.0,2022-10-01
202,2022-10-21,GOOG,98.46,101.62,98.23,101.48,28988700,0.95,0.01,2022-10-01
203,2022-10-24,GOOG,102.09,103.1,100.3,102.97,24680800,1.49,0.01,2022-10-01
204,2022-10-25,GOOG,103.3,105.1,103.02,104.93,29910200,1.96,0.02,2022-10-01
205,2022-10-26,GOOG,96.76,98.54,94.57,94.82,71504300,-10.11,-0.1,2022-10-01
206,2022-10-27,GOOG,94.31,95.17,91.9,92.6,54036500,-2.22,-0.02,2022-10-01
207,2022-10-28,GOOG,92.53,96.86,92.32,96.58,35696900,3.98,0.04,2022-10-01
208,2022-10-31,GOOG,95.78,96.35,94.38,94.66,29868700,-1.92,-0.02,2022-10-01
209,2022-11-01,GOOG,95.59,96.17,90.43,90.5,43220600,-4.16,-0.04,2022-10-01
210,2022-11-02,GOOG,90.91,91.3,87.01,87.07,43553600,-3.43,-0.04,2022-11-01
211,2022-11-03,GOOG,86.35,86.55,83.45,83.49,48510400,-3.58,-0.04,2022-11-01
212,2022-11-04,GOOG,85.51,86.73,83.88,86.7,40173300,3.21,0.04,2022-11-01
213,2022-11-07,GOOG,87.34,88.94,86.96,88.65,26899900,1.95,0.02,2022-11-01
214,2022-11-08,GOOG,89.16,90.4,87.65,88.91,30172000,0.26,0.0,2022-11-01
215,2022-11-09,GOOG,88.54,89.49,87.36,87.4,26743900,-1.51,-0.02,2022-11-01
216,2022-11-10,GOOG,92.34,94.55,91.65,94.17,42371200,6.77,0.08,2022-11-01
217,2022-11-11,GOOG,94.71,97.36,94.16,96.73,30569100,2.56,0.03,2022-11-01
218,2022-11-14,GOOG,95.5,97.18,95.11,96.03,24170100,-0.7,-0.01,2022-11-01
219,2022-11-15,GOOG,98.67,100.42,97.02,98.72,31831000,2.69,0.03,2022-11-01
220,2022-11-16,GOOG,98.02,99.85,97.9,98.99,24660200,0.27,0.0,2022-11-01
221,2022-11-17,GOOG,97.18,99.48,97.1,98.5,21818700,-0.49,-0.0,2022-11-01
222,2022-11-18,GOOG,99.01,99.16,96.74,97.8,24969900,-0.7,-0.01,2022-11-01
223,2022-11-21,GOOG,97.56,98.72,95.67,95.83,18696900,-1.97,-0.02,2022-11-01
224,2022-11-22,GOOG,96.16,97.55,94.41,97.33,18868900,1.5,0.02,2022-11-01
225,2022-11-23,GOOG,97.34,99.07,97.34,98.82,17568900,1.49,0.02,2022-11-01
226,2022-11-25,GOOG,98.46,98.94,97.53,97.6,8567800,-1.22,-0.01,2022-11-01
227,2022-11-28,GOOG,97.2,97.83,95.89,96.25,19974500,-1.35,-0.01,2022-11-01
228,2022-11-29,GOOG,96.0,96.39,94.39,95.44,20220000,-0.81,-0.01,2022-11-01
229,2022-11-30,GOOG,95.12,101.45,94.67,101.45,39888100,6.01,0.06,2022-11-01
230,2022-12-01,GOOG,101.4,102.59,100.67,101.28,21771500,-0.17,-0.0,2022-11-01
231,2022-12-02,GOOG,99.37,101.15,99.17,100.83,18821500,-0.45,-0.0,2022-12-01
232,2022-12-05,GOOG,99.82,101.75,99.36,99.87,19955500,-0.96,-0.01,2022-12-01
233,2022-12-06,GOOG,99.67,100.21,96.76,97.31,20877600,-2.56,-0.03,2022-12-01
234,2022-12-07,GOOG,96.77,97.31,95.03,95.15,26647900,-2.16,-0.02,2022-12-01
235,2022-12-08,GOOG,95.69,95.87,93.8,93.95,25593200,-1.2,-0.01,2022-12-01
236,2022-12-09,GOOG,93.9,94.49,93.02,93.07,21885300,-0.88,-0.01,2022-12-01
237,2022-12-12,GOOG,93.09,93.88,91.9,93.56,27380900,0.49,0.01,2022-12-01
238,2022-12-13,GOOG,98.07,99.8,95.38,95.85,34788500,2.29,0.02,2022-12-01
239,2022-12-14,GOOG,95.54,97.22,93.94,95.31,26452900,-0.54,-0.01,2022-12-01
240,2022-12-15,GOOG,93.54,94.03,90.43,91.2,28298800,-4.11,-0.04,2022-12-01
241,2022-12-16,GOOG,91.2,91.75,90.01,90.86,48485500,-0.34,-0.0,2022-12-01
242,2022-12-19,GOOG,90.88,91.2,88.93,89.15,23020500,-1.71,-0.02,2022-12-01
243,2022-12-20,GOOG,88.73,89.78,88.04,89.63,21976800,0.48,0.01,2022-12-01
244,2022-12-21,GOOG,89.73,90.92,88.91,90.25,20336400,0.62,0.01,2022-12-01
245,2022-12-22,GOOG,88.93,89.18,86.94,88.26,23656100,-1.99,-0.02,2022-12-01
246,2022-12-23,GOOG,87.62,90.1,87.62,89.81,17815000,1.55,0.02,2022-12-01
247,2022-12-27,GOOG,89.31,89.5,87.54,87.93,15470900,-1.88,-0.02,2022-12-01
248,2022-12-28,GOOG,87.5,88.52,86.37,86.46,17879600,-1.47,-0.02,2022-12-01
249,2022-12-29,GOOG,87.03,89.36,86.99,88.95,18280700,2.49,0.03,2022-12-01
250,2022-12-30,GOOG,87.36,88.83,87.03,88.73,19179300,-0.22,-0.0,2022-12-01
251,2023-01-03,GOOG,89.83,91.55,89.02,89.7,20738500,0.97,0.01,2023-01-01
252,2023-01-04,GOOG,91.01,91.24,87.8,88.71,27046500,-0.99,-0.01,2023-01-01
253,2023-01-05,GOOG,88.07,88.21,86.56,86.77,23136100,-1.94,-0.02,2023-01-01
254,2023-01-06,GOOG,87.36,88.47,85.57,88.16,26604400,1.39,0.02,2023-01-01
255,2023-01-09,GOOG,89.19,90.83,88.58,88.8,22996700,0.64,0.01,2023-01-01
256,2023-01-10,GOOG,86.72,89.47,86.7,89.24,22855600,0.44,0.0,2023-01-01
257,2023-01-11,GOOG,90.06,92.45,89.74,92.26,25998800,3.02,0.03,2023-01-01
258,2023-01-12,GOOG,92.4,92.62,90.57,91.91,22754200,-0.35,-0.0,2023-01-01
259,2023-01-13,GOOG,91.53,92.98,90.93,92.8,18617800,0.89,0.01,2023-01-01
260,2023-01-17,GOOG,92.78,92.97,90.84,92.16,22935800,-0.64,-0.01,2023-01-01
261,2023-01-18,GOOG,92.94,93.59,91.4,91.78,19641600,-0.38,-0.0,2023-01-01
262,2023-01-19,GOOG,91.39,94.4,91.38,93.91,28707700,2.13,0.02,2023-01-01
263,2023-01-20,GOOG,95.95,99.42,95.91,99.28,53610200,5.37,0.06,2023-01-01
0,2022-01-03,TSLA,382.58,400.36,378.68,399.93,103931400,,,2022-01-01
1,2022-01-04,TSLA,396.52,402.67,374.35,383.2,100248300,-16.73,-0.04,2022-01-01
2,2022-01-05,TSLA,382.22,390.11,360.34,362.71,80119800,-20.49,-0.05,2022-01-01
3,2022-01-06,TSLA,359.0,362.67,340.17,354.9,90336600,-7.81,-0.02,2022-01-01
4,2022-01-07,TSLA,360.12,360.31,336.67,342.32,84164700,-12.58,-0.04,2022-01-01
5,2022-01-10,TSLA,333.33,353.03,326.67,352.71,91815000,10.39,0.03,2022-01-01
6,2022-01-11,TSLA,351.22,358.62,346.27,354.8,66063300,2.09,0.01,2022-01-01
7,2022-01-12,TSLA,359.62,371.61,357.53,368.74,83739000,13.94,0.04,2022-01-01
8,2022-01-13,TSLA,369.69,371.87,342.18,343.85,97209900,-24.89,-0.07,2022-01-01
9,2022-01-14,TSLA,339.96,350.67,337.79,349.87,72924300,6.02,0.02,2022-01-01
10,2022-01-18,TSLA,342.2,356.93,338.69,343.5,66743400,-6.37,-0.02,2022-01-01
11,2022-01-19,TSLA,347.24,351.56,331.67,331.88,75442500,-11.62,-0.03,2022-01-01
12,2022-01-20,TSLA,336.58,347.22,331.33,332.09,70488600,0.21,0.0,2022-01-01
13,2022-01-21,TSLA,332.11,334.85,313.5,314.63,103416000,-17.46,-0.05,2022-01-01
14,2022-01-24,TSLA,301.59,311.17,283.82,310.0,151565700,-4.63,-0.01,2022-01-01
15,2022-01-25,TSLA,304.73,317.09,301.07,306.13,86595900,-3.87,-0.01,2022-01-01
16,2022-01-26,TSLA,317.48,329.23,302.0,312.47,104867400,6.34,0.02,2022-01-01
17,2022-01-27,TSLA,311.12,311.8,276.33,276.37,147109500,-36.1,-0.12,2022-01-01
18,2022-01-28,TSLA,277.19,285.83,264.0,282.12,134789100,5.75,0.02,2022-01-01
19,2022-01-31,TSLA,290.9,312.66,287.35,312.24,104436000,30.12,0.11,2022-01-01
20,2022-02-01,TSLA,311.74,314.57,301.67,310.42,73138200,-1.82,-0.01,2022-01-01
21,2022-02-02,TSLA,309.39,310.5,296.47,301.89,66792900,-8.53,-0.03,2022-02-01
22,2022-02-03,TSLA,294.0,312.33,293.51,297.05,78855600,-4.84,-0.02,2022-02-01
23,2022-02-04,TSLA,299.07,312.17,293.72,307.77,73625400,10.73,0.04,2022-02-01
24,2022-02-07,TSLA,307.93,315.92,300.9,302.45,60994500,-5.33,-0.02,2022-02-01
25,2022-02-08,TSLA,301.84,308.76,298.27,307.33,50729100,4.89,0.02,2022-02-01
26,2022-02-09,TSLA,311.67,315.42,306.67,310.67,52259400,3.33,0.01,2022-02-01
27,2022-02-10,TSLA,302.79,314.6,298.9,301.52,66126900,-9.15,-0.03,2022-02-01
28,2022-02-11,TSLA,303.21,305.32,283.57,286.67,79645800,-14.85,-0.05,2022-02-01
29,2022-02-14,TSLA,287.19,299.63,284.38,291.92,67756500,5.25,0.02,2022-02-01
30,2022-02-15,TSLA,300.0,307.67,297.79,307.48,57286200,15.56,0.05,2022-02-01
31,2022-02-16,TSLA,304.68,308.81,300.4,307.8,51294300,0.32,0.0,2022-02-01
32,2022-02-17,TSLA,304.42,306.17,291.37,292.12,55178400,-15.68,-0.05,2022-02-01
33,2022-02-18,TSLA,295.33,295.62,279.2,285.66,68501700,-6.46,-0.02,2022-02-01
34,2022-02-22,TSLA,278.04,285.58,267.03,273.84,83288100,-11.82,-0.04,2022-02-01
35,2022-02-23,TSLA,276.81,278.43,253.52,254.68,95256900,-19.16,-0.07,2022-02-01
36,2022-02-24,TSLA,233.46,267.49,233.33,266.92,135322200,12.24,0.05,2022-02-01
37,2022-02-25,TSLA,269.74,273.17,260.8,269.96,76067700,3.03,0.01,2022-02-01
38,2022-02-28,TSLA,271.67,292.29,271.57,290.14,99006900,20.19,0.07,2022-02-01
39,2022-03-01,TSLA,289.89,296.63,284.59,288.12,74766900,-2.02,-0.01,2022-02-01
40,2022-03-02,TSLA,290.71,295.49,281.42,293.3,74643300,5.17,0.02,2022-03-01
41,2022-03-03,TSLA,292.92,295.48,277.53,279.76,61623600,-13.53,-0.05,2022-03-01
42,2022-03-04,TSLA,283.03,285.22,275.05,279.43,66999600,-0.33,-0.0,2022-03-01
43,2022-03-07,TSLA,285.43,288.71,268.19,268.19,72494100,-11.24,-0.04,2022-03-01
44,2022-03-08,TSLA,265.18,283.33,260.72,274.8,80399100,6.61,0.02,2022-03-01
45,2022-03-09,TSLA,279.83,286.85,277.34,286.32,59184000,11.52,0.04,2022-03-01
46,2022-03-10,TSLA,283.82,284.82,270.12,279.43,58648500,-6.89,-0.02,2022-03-01
47,2022-03-11,TSLA,280.07,281.27,264.59,265.12,67037100,-14.32,-0.05,2022-03-01
48,2022-03-14,TSLA,260.2,266.9,252.01,255.46,71152200,-9.66,-0.04,2022-03-01
49,2022-03-15,TSLA,258.42,268.52,252.19,267.3,66841200,11.84,0.05,2022-03-01
50,2022-03-16,TSLA,269.67,280.67,267.42,280.08,84028800,12.78,0.05,2022-03-01
51,2022-03-17,TSLA,277.0,291.67,275.24,290.53,66582900,10.46,0.04,2022-03-01
52,2022-03-18,TSLA,291.5,302.62,289.13,301.8,100414200,11.26,0.04,2022-03-01
53,2022-03-21,TSLA,304.99,314.28,302.36,307.05,81981600,5.26,0.02,2022-03-01
54,2022-03-22,TSLA,310.0,332.62,307.25,331.33,105868500,24.27,0.08,2022-03-01
55,2022-03-23,TSLA,326.65,346.9,325.47,333.04,120676200,1.71,0.01,2022-03-01
56,2022-03-24,TSLA,336.58,341.5,329.6,337.97,68920800,4.94,0.01,2022-03-01
57,2022-03-25,TSLA,336.0,340.6,332.44,336.88,62031600,-1.09,-0.0,2022-03-01
58,2022-03-28,TSLA,355.03,365.96,351.2,363.95,102506100,27.07,0.08,2022-03-01
59,2022-03-29,TSLA,369.33,371.59,357.7,366.52,73614900,2.58,0.01,2022-03-01
60,2022-03-30,TSLA,363.72,371.32,361.33,364.66,59865000,-1.86,-0.01,2022-03-01
61,2022-03-31,TSLA,364.86,367.71,358.88,359.2,48992700,-5.46,-0.01,2022-03-01
62,2022-04-01,TSLA,360.38,364.92,355.55,361.53,54263100,2.33,0.01,2022-03-01
63,2022-04-04,TSLA,363.13,383.3,357.51,381.82,82035900,20.29,0.06,2022-04-01
64,2022-04-05,TSLA,378.77,384.29,362.43,363.75,80075100,-18.06,-0.05,2022-04-01
65,2022-04-06,TSLA,357.82,359.67,342.57,348.59,89348400,-15.17,-0.04,2022-04-01
66,2022-04-07,TSLA,350.8,358.86,340.51,352.42,79447200,3.83,0.01,2022-04-01
67,2022-04-08,TSLA,347.74,349.48,340.81,341.83,55013700,-10.59,-0.03,2022-04-01
68,2022-04-11,TSLA,326.8,336.16,324.88,325.31,59357100,-16.52,-0.05,2022-04-01
69,2022-04-12,TSLA,332.55,340.4,325.53,328.98,65976000,3.67,0.01,2022-04-01
70,2022-04-13,TSLA,327.03,342.08,324.37,340.79,55121100,11.81,0.04,2022-04-01
71,2022-04-14,TSLA,333.1,337.57,327.4,328.33,58422300,-12.46,-0.04,2022-04-01
72,2022-04-18,TSLA,329.68,338.31,324.47,334.76,51715200,6.43,0.02,2022-04-01
73,2022-04-19,TSLA,335.02,344.98,331.78,342.72,49847700,7.95,0.02,2022-04-01
74,2022-04-20,TSLA,343.33,344.67,325.08,325.73,70711200,-16.98,-0.05,2022-04-01
75,2022-04-21,TSLA,358.24,364.07,332.14,336.26,105416400,10.53,0.03,2022-04-01
76,2022-04-22,TSLA,338.3,344.95,331.33,335.02,69696600,-1.24,-0.0,2022-04-01
77,2022-04-25,TSLA,326.32,336.21,325.1,332.67,68341200,-2.34,-0.01,2022-04-01
78,2022-04-26,TSLA,331.81,333.33,291.67,292.14,136133700,-40.53,-0.12,2022-04-01
79,2022-04-27,TSLA,299.53,306.0,292.45,293.84,76956300,1.7,0.01,2022-04-01
80,2022-04-28,TSLA,299.99,300.0,273.9,292.5,124948500,-1.33,-0.0,2022-04-01
81,2022-04-29,TSLA,300.75,311.47,290.0,290.25,88133100,-2.25,-0.01,2022-04-01
82,2022-05-02,TSLA,286.92,302.12,282.68,300.98,75781500,10.73,0.04,2022-05-01
83,2022-05-03,TSLA,301.06,308.03,296.2,303.08,63709500,2.1,0.01,2022-05-01
84,2022-05-04,TSLA,301.31,318.5,295.09,317.54,81643800,14.46,0.05,2022-05-01
85,2022-05-05,TSLA,313.01,315.2,285.9,291.09,92519100,-26.45,-0.08,2022-05-01
86,2022-05-06,TSLA,295.67,296.0,281.04,288.55,72903000,-2.54,-0.01,2022-05-01
87,2022-05-09,TSLA,278.82,281.88,260.38,262.37,90810300,-26.18,-0.09,2022-05-01
88,2022-05-10,TSLA,273.1,275.12,258.08,266.68,84401700,4.31,0.02,2022-05-01
89,2022-05-11,TSLA,265.0,269.92,242.4,244.67,97224600,-22.01,-0.08,2022-05-01
90,2022-05-12,TSLA,233.67,253.22,226.67,242.67,140313000,-2.0,-0.01,2022-05-01
91,2022-05-13,TSLA,257.83,262.45,250.52,256.53,92150700,13.86,0.06,2022-05-01
92,2022-05-16,TSLA,255.72,256.59,239.7,241.46,86098500,-15.07,-0.06,2022-05-01
93,2022-05-17,TSLA,249.12,254.83,242.95,253.87,80236200,12.41,0.05,2022-05-01
94,2022-05-18,TSLA,248.17,253.5,233.6,236.6,87811800,-17.27,-0.07,2022-05-01
95,2022-05-19,TSLA,235.67,244.67,231.37,236.47,90296700,-0.13,-0.0,2022-05-01
96,2022-05-20,TSLA,238.0,240.53,211.0,221.3,144973200,-15.17,-0.06,2022-05-01
97,2022-05-23,TSLA,218.34,226.65,212.69,224.97,88903500,3.67,0.02,2022-05-01
98,2022-05-24,TSLA,217.84,217.97,206.86,209.39,89092500,-15.58,-0.07,2022-05-01
99,2022-05-25,TSLA,207.95,223.11,207.67,219.6,92139300,10.21,0.05,2022-05-01
100,2022-05-26,TSLA,220.47,239.56,217.89,235.91,106003200,16.31,0.07,2022-05-01
101,2022-05-27,TSLA,241.08,253.27,240.18,253.21,89295000,17.3,0.07,2022-05-01
102,2022-05-31,TSLA,257.95,259.6,244.74,252.75,101914500,-0.46,-0.0,2022-05-01
103,2022-06-01,TSLA,251.72,257.33,243.64,246.79,77247900,-5.96,-0.02,2022-05-01
104,2022-06-02,TSLA,244.16,264.21,242.07,258.33,93473100,11.54,0.05,2022-06-01
105,2022-06-03,TSLA,243.23,247.8,233.42,234.52,112393800,-23.82,-0.09,2022-06-01
106,2022-06-06,TSLA,244.35,244.87,234.35,238.28,84204600,3.76,0.02,2022-06-01
107,2022-06-07,TSLA,234.0,240.0,230.09,238.89,72808500,0.61,0.0,2022-06-01
108,2022-06-08,TSLA,240.09,249.96,239.18,241.87,76210500,2.98,0.01,2022-06-01
109,2022-06-09,TSLA,249.34,255.55,239.33,239.71,96491400,-2.16,-0.01,2022-06-01
110,2022-06-10,TSLA,235.16,239.5,227.91,232.23,97536600,-7.48,-0.03,2022-06-01
111,2022-06-13,TSLA,223.17,226.63,214.68,215.74,102767400,-16.49,-0.07,2022-06-01
112,2022-06-14,TSLA,218.29,226.33,211.74,220.89,97988700,5.15,0.02,2022-06-01
113,2022-06-15,TSLA,220.92,235.66,218.15,233.0,119131800,12.11,0.05,2022-06-01
114,2022-06-16,TSLA,222.74,225.17,208.69,213.1,107390700,-19.9,-0.09,2022-06-01
115,2022-06-17,TSLA,213.43,220.97,213.2,216.76,92641800,3.66,0.02,2022-06-01
116,2022-06-21,TSLA,224.6,243.58,224.33,237.04,122793000,20.28,0.09,2022-06-01
117,2022-06-22,TSLA,234.5,246.83,233.83,236.09,101107500,-0.95,-0.0,2022-06-01
118,2022-06-23,TSLA,237.91,239.32,228.64,235.07,104202600,-1.02,-0.0,2022-06-01
119,2022-06-24,TSLA,237.47,246.07,236.09,245.71,95770800,10.64,0.05,2022-06-01
120,2022-06-27,TSLA,249.37,252.07,242.57,244.92,89178300,-0.79,-0.0,2022-06-01
121,2022-06-28,TSLA,244.48,249.97,232.34,232.66,90391200,-12.26,-0.05,2022-06-01
122,2022-06-29,TSLA,230.5,231.17,222.27,228.49,82897200,-4.17,-0.02,2022-06-01
123,2022-06-30,TSLA,224.51,229.46,218.86,224.47,94600500,-4.02,-0.02,2022-06-01
124,2022-07-01,TSLA,227.0,230.23,222.12,227.26,74460300,2.79,0.01,2022-06-01
125,2022-07-05,TSLA,223.0,233.15,216.17,233.07,84581100,5.8,0.03,2022-07-01
126,2022-07-06,TSLA,230.78,234.56,227.19,231.73,71853600,-1.33,-0.01,2022-07-01
127,2022-07-07,TSLA,233.92,245.36,232.21,244.54,81930600,12.81,0.06,2022-07-01
128,2022-07-08,TSLA,242.33,254.98,241.16,250.76,101854200,6.22,0.03,2022-07-01
129,2022-07-11,TSLA,252.1,253.06,233.63,234.34,99241200,-16.42,-0.07,2022-07-01
130,2022-07-12,TSLA,236.85,239.77,228.37,233.07,87930900,-1.27,-0.01,2022-07-01
131,2022-07-13,TSLA,225.5,242.06,225.03,237.04,97954500,3.97,0.02,2022-07-01
132,2022-07-14,TSLA,234.9,238.65,229.33,238.31,78557400,1.27,0.01,2022-07-01
133,2022-07-15,TSLA,240.0,243.62,236.89,240.07,69683100,1.75,0.01,2022-07-01
134,2022-07-18,TSLA,244.94,250.52,239.6,240.55,82537500,0.48,0.0,2022-07-01
135,2022-07-19,TSLA,245.0,247.14,236.98,245.53,80890200,4.98,0.02,2022-07-01
136,2022-07-20,TSLA,246.78,250.66,243.48,247.5,88864200,1.97,0.01,2022-07-01
137,2022-07-21,TSLA,255.11,273.27,254.87,271.71,142032300,24.21,0.1,2022-07-01
138,2022-07-22,TSLA,276.22,280.79,270.71,272.24,103472700,0.54,0.0,2022-07-01
139,2022-07-25,TSLA,272.22,274.15,267.4,268.43,64073400,-3.81,-0.01,2022-07-01
140,2022-07-26,TSLA,266.51,267.31,256.26,258.86,66820800,-9.57,-0.04,2022-07-01
141,2022-07-27,TSLA,263.81,275.93,261.79,274.82,88110000,15.96,0.06,2022-07-01
142,2022-07-28,TSLA,280.07,283.3,272.8,280.9,84723000,6.08,0.02,2022-07-01
143,2022-07-29,TSLA,280.7,298.32,279.1,297.15,95313000,16.25,0.06,2022-07-01
144,2022-08-01,TSLA,301.28,311.88,295.0,297.28,117042900,0.13,0.0,2022-07-01
145,2022-08-02,TSLA,294.0,307.83,292.67,300.59,95577600,3.31,0.01,2022-08-01
146,2022-08-03,TSLA,305.0,309.55,301.15,307.4,80091000,6.81,0.02,2022-08-01
147,2022-08-04,TSLA,311.0,313.61,305.0,308.63,72256200,1.24,0.0,2022-08-01
148,2022-08-05,TSLA,302.67,304.61,285.54,288.17,113172900,-20.46,-0.07,2022-08-01
149,2022-08-08,TSLA,295.0,305.2,289.09,290.42,98994000,2.25,0.01,2022-08-01
150,2022-08-09,TSLA,290.29,292.4,279.35,283.33,86244600,-7.09,-0.02,2022-08-01
151,2022-08-10,TSLA,297.07,297.51,283.37,294.36,94918800,11.02,0.04,2022-08-01
152,2022-08-11,TSLA,296.51,298.24,285.83,286.63,70155000,-7.73,-0.03,2022-08-01
153,2022-08-12,TSLA,289.42,300.16,285.03,300.03,79657200,13.4,0.05,2022-08-01
154,2022-08-15,TSLA,301.79,313.13,301.23,309.32,89359200,9.29,0.03,2022-08-01
155,2022-08-16,TSLA,311.67,314.67,302.88,306.56,88136400,-2.76,-0.01,2022-08-01
156,2022-08-17,TSLA,303.4,309.66,300.03,304.0,68766000,-2.57,-0.01,2022-08-01
157,2022-08-18,TSLA,306.0,306.5,301.85,302.87,47500500,-1.13,-0.0,2022-08-01
158,2022-08-19,TSLA,299.0,300.36,292.5,296.67,61395300,-6.2,-0.02,2022-08-01
159,2022-08-22,TSLA,291.91,292.4,286.3,289.91,55843200,-6.75,-0.02,2022-08-01
160,2022-08-23,TSLA,291.45,298.83,287.92,296.45,63984900,6.54,0.02,2022-08-01
161,2022-08-24,TSLA,297.56,303.65,296.5,297.1,57259800,0.64,0.0,2022-08-01
162,2022-08-25,TSLA,302.36,302.96,291.6,296.07,53230000,-1.03,-0.0,2022-08-01
163,2022-08-26,TSLA,297.43,302.0,287.47,288.09,57163900,-7.98,-0.03,2022-08-01
164,2022-08-29,TSLA,282.83,287.74,280.7,284.82,41864700,-3.27,-0.01,2022-08-01
165,2022-08-30,TSLA,287.87,288.48,272.65,277.7,50541800,-7.12,-0.02,2022-08-01
166,2022-08-31,TSLA,280.62,281.25,271.81,275.61,52107300,-2.09,-0.01,2022-08-01
167,2022-09-01,TSLA,272.58,277.58,266.15,277.16,54287000,1.55,0.01,2022-08-01
168,2022-09-02,TSLA,281.07,282.35,269.08,270.21,50890100,-6.95,-0.03,2022-09-01
169,2022-09-06,TSLA,272.68,275.99,265.74,274.42,55860000,4.21,0.02,2022-09-01
170,2022-09-07,TSLA,273.1,283.84,272.27,283.7,50028900,9.28,0.03,2022-09-01
171,2022-09-08,TSLA,281.3,289.5,279.76,289.26,53713100,5.56,0.02,2022-09-01
172,2022-09-09,TSLA,291.67,299.85,291.25,299.68,54338100,10.42,0.04,2022-09-01
173,2022-09-12,TSLA,300.72,305.49,300.4,304.42,48674600,4.74,0.02,2022-09-01
174,2022-09-13,TSLA,292.9,297.4,290.4,292.13,68229600,-12.29,-0.04,2022-09-01
175,2022-09-14,TSLA,292.24,306.0,291.64,302.61,72628700,10.48,0.04,2022-09-01
176,2022-09-15,TSLA,301.83,309.12,300.72,303.75,64795500,1.14,0.0,2022-09-01
177,2022-09-16,TSLA,299.61,303.71,295.6,303.35,87087800,-0.4,-0.0,2022-09-01
178,2022-09-19,TSLA,300.09,309.84,297.8,309.07,60231200,5.72,0.02,2022-09-01
179,2022-09-20,TSLA,306.91,313.33,305.58,308.73,61642800,-0.34,-0.0,2022-09-01
180,2022-09-21,TSLA,308.29,313.8,300.63,300.8,62555700,-7.93,-0.03,2022-09-01
181,2022-09-22,TSLA,299.86,301.29,285.82,288.59,70545400,-12.21,-0.04,2022-09-01
182,2022-09-23,TSLA,283.09,284.5,272.82,275.33,63748400,-13.26,-0.05,2022-09-01
183,2022-09-26,TSLA,271.83,284.09,270.31,276.01,58076900,0.68,0.0,2022-09-01
184,2022-09-27,TSLA,283.84,288.67,277.51,282.94,61925200,6.93,0.03,2022-09-01
185,2022-09-28,TSLA,283.08,289.0,277.57,287.81,54664800,4.87,0.02,2022-09-01
186,2022-09-29,TSLA,282.76,283.65,265.78,268.21,77620600,-19.6,-0.07,2022-09-01
187,2022-09-30,TSLA,266.15,275.57,262.47,265.25,67726600,-2.96,-0.01,2022-09-01
188,2022-10-03,TSLA,254.5,255.16,241.01,242.4,98363500,-22.85,-0.09,2022-10-01
189,2022-10-04,TSLA,250.52,257.5,242.01,249.44,109578500,7.04,0.03,2022-10-01
190,2022-10-05,TSLA,245.01,246.67,233.27,240.81,86982700,-8.63,-0.03,2022-10-01
191,2022-10-06,TSLA,239.44,244.58,235.35,238.13,69298400,-2.68,-0.01,2022-10-01
192,2022-10-07,TSLA,233.94,234.57,222.02,223.07,83916800,-15.06,-0.06,2022-10-01
193,2022-10-10,TSLA,223.93,226.99,218.36,222.96,67925000,-0.11,-0.0,2022-10-01
194,2022-10-11,TSLA,220.95,225.75,215.0,216.5,77013200,-6.46,-0.03,2022-10-01
195,2022-10-12,TSLA,215.33,219.3,211.51,217.24,66860700,0.74,0.0,2022-10-01
196,2022-10-13,TSLA,208.3,222.99,206.22,221.72,91483000,4.48,0.02,2022-10-01
197,2022-10-14,TSLA,224.01,226.26,204.16,204.99,94124500,-16.73,-0.08,2022-10-01
198,2022-10-17,TSLA,210.04,221.86,209.45,219.35,79428800,14.36,0.07,2022-10-01
199,2022-10-18,TSLA,229.5,229.82,217.25,220.19,75891900,0.84,0.0,2022-10-01
200,2022-10-19,TSLA,219.8,222.93,217.78,222.04,66571500,1.85,0.01,2022-10-01
201,2022-10-20,TSLA,208.28,215.55,202.0,207.28,117798100,-14.76,-0.07,2022-10-01
202,2022-10-21,TSLA,206.42,214.66,203.8,214.44,75713800,7.16,0.03,2022-10-01
203,2022-10-24,TSLA,205.82,213.5,198.59,211.25,100446800,-3.19,-0.01,2022-10-01
204,2022-10-25,TSLA,210.1,224.35,210.0,222.42,96507900,11.17,0.05,2022-10-01
205,2022-10-26,TSLA,219.4,230.6,218.2,224.64,85012500,2.22,0.01,2022-10-01
206,2022-10-27,TSLA,229.77,233.81,222.85,225.09,61638800,0.45,0.0,2022-10-01
207,2022-10-28,TSLA,225.4,228.86,216.35,228.52,69152400,3.43,0.02,2022-10-01
208,2022-10-31,TSLA,226.19,229.85,221.94,227.54,61554300,-0.98,-0.0,2022-10-01
209,2022-11-01,TSLA,234.05,237.4,227.28,227.82,62688800,0.28,0.0,2022-10-01
210,2022-11-02,TSLA,226.04,227.87,214.82,214.98,63070300,-12.84,-0.06,2022-11-01
211,2022-11-03,TSLA,211.36,221.2,210.14,215.31,56538800,0.33,0.0,2022-11-01
212,2022-11-04,TSLA,222.6,223.8,203.08,207.47,98622200,-7.84,-0.04,2022-11-01
213,2022-11-07,TSLA,208.65,208.9,196.66,197.08,93916500,-10.39,-0.05,2022-11-01
214,2022-11-08,TSLA,194.02,195.2,186.75,191.3,128803400,-5.78,-0.03,2022-11-01
215,2022-11-09,TSLA,190.78,195.89,177.12,177.59,127062700,-13.71,-0.07,2022-11-01
216,2022-11-10,TSLA,189.9,191.0,180.03,190.72,132703000,13.13,0.07,2022-11-01
217,2022-11-11,TSLA,186.0,196.52,182.59,195.97,114403600,5.25,0.03,2022-11-01
218,2022-11-14,TSLA,192.77,195.73,186.34,190.95,92226600,-5.02,-0.03,2022-11-01
219,2022-11-15,TSLA,195.88,200.82,192.06,194.42,91293800,3.47,0.02,2022-11-01
220,2022-11-16,TSLA,191.51,192.57,185.66,186.92,66567600,-7.5,-0.04,2022-11-01
221,2022-11-17,TSLA,183.96,186.16,180.9,183.17,64336000,-3.75,-0.02,2022-11-01
222,2022-11-18,TSLA,185.05,185.19,176.55,180.19,76048900,-2.98,-0.02,2022-11-01
223,2022-11-21,TSLA,175.85,176.77,167.54,167.87,92882700,-12.32,-0.07,2022-11-01
224,2022-11-22,TSLA,168.63,170.92,166.19,169.91,78452300,2.04,0.01,2022-11-01
225,2022-11-23,TSLA,173.57,183.62,172.5,183.2,109536700,13.29,0.08,2022-11-01
226,2022-11-25,TSLA,185.06,185.2,180.63,182.86,50672700,-0.34,-0.0,2022-11-01
227,2022-11-28,TSLA,179.96,188.5,179.0,182.92,92905200,0.06,0.0,2022-11-01
228,2022-11-29,TSLA,184.99,186.38,178.75,180.83,83357100,-2.09,-0.01,2022-11-01
229,2022-11-30,TSLA,182.43,194.76,180.63,194.7,109186400,13.87,0.08,2022-11-01
230,2022-12-01,TSLA,197.08,198.92,191.8,194.7,80046200,0.0,0.0,2022-11-01
231,2022-12-02,TSLA,191.78,196.25,191.11,194.86,73645900,0.16,0.0,2022-12-01
232,2022-12-05,TSLA,189.44,191.27,180.55,182.45,93122700,-12.41,-0.06,2022-12-01
233,2022-12-06,TSLA,181.22,183.65,175.33,179.82,92150800,-2.63,-0.01,2022-12-01
234,2022-12-07,TSLA,175.03,179.38,172.22,174.04,84213300,-5.78,-0.03,2022-12-01
235,2022-12-08,TSLA,172.2,175.2,169.06,173.44,97624500,-0.6,-0.0,2022-12-01
236,2022-12-09,TSLA,173.84,182.5,173.36,179.05,104872300,5.61,0.03,2022-12-01
237,2022-12-12,TSLA,176.1,177.37,167.52,167.82,109794500,-11.23,-0.06,2022-12-01
238,2022-12-13,TSLA,174.87,175.05,156.91,160.95,175862700,-6.87,-0.04,2022-12-01
239,2022-12-14,TSLA,159.25,161.62,155.31,156.8,140682300,-4.15,-0.03,2022-12-01
240,2022-12-15,TSLA,153.44,160.93,153.28,157.67,122334500,0.87,0.01,2022-12-01
241,2022-12-16,TSLA,159.64,160.99,150.04,150.23,139032200,-7.44,-0.05,2022-12-01
242,2022-12-19,TSLA,154.0,155.25,145.82,149.87,139390600,-0.36,-0.0,2022-12-01
243,2022-12-20,TSLA,146.05,148.47,137.66,137.8,159563300,-12.07,-0.08,2022-12-01
244,2022-12-21,TSLA,139.34,141.26,135.89,137.57,145417400,-0.23,-0.0,2022-12-01
245,2022-12-22,TSLA,136.0,136.63,122.26,125.35,210090300,-12.22,-0.09,2022-12-01
246,2022-12-23,TSLA,126.37,128.62,121.02,123.15,166989700,-2.2,-0.02,2022-12-01
247,2022-12-27,TSLA,117.5,119.67,108.76,109.1,208643400,-14.05,-0.11,2022-12-01
248,2022-12-28,TSLA,110.35,116.27,108.24,112.71,221070500,3.61,0.03,2022-12-01
249,2022-12-29,TSLA,120.39,123.57,117.5,121.82,221923300,9.11,0.08,2022-12-01
250,2022-12-30,TSLA,119.95,124.48,119.75,123.18,157304500,1.36,0.01,2022-12-01
251,2023-01-03,TSLA,118.47,118.8,104.64,108.1,231402800,-15.08,-0.12,2023-01-01
252,2023-01-04,TSLA,109.11,114.59,107.52,113.64,180389000,5.54,0.05,2023-01-01
253,2023-01-05,TSLA,110.51,111.75,107.16,110.34,157986300,-3.3,-0.03,2023-01-01
254,2023-01-06,TSLA,103.0,114.39,101.81,113.06,220575900,2.72,0.02,2023-01-01
255,2023-01-09,TSLA,118.96,123.52,117.11,119.77,190284000,6.71,0.06,2023-01-01
256,2023-01-10,TSLA,121.07,122.76,114.92,118.85,167642500,-0.92,-0.01,2023-01-01
257,2023-01-11,TSLA,122.09,125.95,120.51,123.22,183810800,4.37,0.04,2023-01-01
258,2023-01-12,TSLA,122.56,124.13,117.0,123.56,169400900,0.34,0.0,2023-01-01
259,2023-01-13,TSLA,116.55,122.63,115.6,122.4,180439300,-1.16,-0.01,2023-01-01
260,2023-01-17,TSLA,125.7,131.7,125.02,131.49,186477000,9.09,0.07,2023-01-01
261,2023-01-18,TSLA,136.56,136.68,127.01,128.78,195680300,-2.71,-0.02,2023-01-01
262,2023-01-19,TSLA,127.26,129.99,124.31,127.17,170291900,-1.61,-0.01,2023-01-01
263,2023-01-20,TSLA,128.68,133.51,127.35,133.42,138429900,6.25,0.05,2023-01-01
0,2022-01-03,NVDA,298.15,307.11,297.85,301.21,39154700,,,2022-01-01
1,2022-01-04,NVDA,302.77,304.68,283.49,292.9,52715400,-8.31,-0.03,2022-01-01
2,2022-01-05,NVDA,289.49,294.16,275.33,276.04,49806400,-16.86,-0.06,2022-01-01
3,2022-01-06,NVDA,276.4,284.38,270.65,281.78,45418600,5.74,0.02,2022-01-01
4,2022-01-07,NVDA,281.41,284.22,270.57,272.47,40993900,-9.31,-0.03,2022-01-01
5,2022-01-10,NVDA,265.81,274.69,256.44,274.0,59468100,1.53,0.01,2022-01-01
6,2022-01-11,NVDA,273.23,280.65,268.39,278.17,40408900,4.17,0.02,2022-01-01
7,2022-01-12,NVDA,280.67,285.95,276.08,279.99,38341300,1.82,0.01,2022-01-01
8,2022-01-13,NVDA,283.79,284.8,264.98,265.75,54017100,-14.24,-0.05,2022-01-01
9,2022-01-14,NVDA,263.0,271.97,262.1,269.42,39583200,3.67,0.01,2022-01-01
10,2022-01-18,NVDA,262.6,266.38,257.7,259.03,42427000,-10.39,-0.04,2022-01-01
11,2022-01-19,NVDA,260.79,265.43,250.52,250.67,48831500,-8.36,-0.03,2022-01-01
12,2022-01-20,NVDA,253.04,255.79,240.78,241.5,43518100,-9.17,-0.04,2022-01-01
13,2022-01-21,NVDA,235.07,248.23,232.63,233.74,71895800,-7.76,-0.03,2022-01-01
14,2022-01-24,NVDA,223.3,233.8,208.88,233.72,91398200,-0.02,-0.0,2022-01-01
15,2022-01-25,NVDA,225.46,229.43,220.0,223.24,66461600,-10.48,-0.04,2022-01-01
16,2022-01-26,NVDA,232.4,240.57,223.0,227.72,75595900,4.48,0.02,2022-01-01
17,2022-01-27,NVDA,235.68,239.95,216.75,219.44,57335300,-8.28,-0.04,2022-01-01
18,2022-01-28,NVDA,220.12,228.58,212.96,228.4,54377400,8.96,0.04,2022-01-01
19,2022-01-31,NVDA,231.82,245.09,230.52,244.86,56468000,16.46,0.07,2022-01-01
20,2022-02-01,NVDA,251.04,251.45,238.9,246.38,51892500,1.52,0.01,2022-01-01
21,2022-02-02,NVDA,257.94,258.17,245.53,252.42,54341900,6.04,0.02,2022-02-01
22,2022-02-03,NVDA,244.58,250.77,237.8,239.48,41017800,-12.94,-0.05,2022-02-01
23,2022-02-04,NVDA,239.72,246.35,236.32,243.19,35482900,3.71,0.02,2022-02-01
24,2022-02-07,NVDA,243.72,251.82,242.02,247.28,37686800,4.09,0.02,2022-02-01
25,2022-02-08,NVDA,243.59,252.3,239.8,251.08,41035900,3.8,0.02,2022-02-01
26,2022-02-09,NVDA,256.22,267.25,253.53,267.05,52428200,15.97,0.06,2022-02-01
27,2022-02-10,NVDA,259.95,269.25,256.0,258.24,51320000,-8.81,-0.03,2022-02-01
28,2022-02-11,NVDA,259.16,261.52,237.73,239.49,60547200,-18.75,-0.07,2022-02-01
29,2022-02-14,NVDA,239.34,248.75,237.55,242.67,44042400,3.18,0.01,2022-02-01
30,2022-02-15,NVDA,249.49,265.45,247.84,264.95,69986900,22.28,0.09,2022-02-01
31,2022-02-16,NVDA,262.59,265.82,255.52,265.11,73267600,0.16,0.0,2022-02-01
32,2022-02-17,NVDA,256.3,257.85,241.65,245.07,81059500,-20.04,-0.08,2022-02-01
33,2022-02-18,NVDA,246.68,249.86,231.0,236.42,76125500,-8.65,-0.04,2022-02-01
34,2022-02-22,NVDA,230.35,240.64,230.0,233.9,63342200,-2.52,-0.01,2022-02-01
35,2022-02-23,NVDA,238.02,241.55,223.01,223.87,56651100,-10.03,-0.04,2022-02-01
36,2022-02-24,NVDA,210.15,238.0,208.9,237.48,73580100,13.61,0.06,2022-02-01
37,2022-02-25,NVDA,237.21,242.17,233.81,241.57,52886600,4.09,0.02,2022-02-01
38,2022-02-28,NVDA,239.92,246.65,237.07,243.85,47731900,2.28,0.01,2022-02-01
39,2022-03-01,NVDA,242.91,243.77,231.32,234.77,41205600,-9.08,-0.04,2022-02-01
40,2022-03-02,NVDA,237.56,244.09,234.15,242.2,38964200,7.43,0.03,2022-03-01
41,2022-03-03,NVDA,242.62,243.26,234.69,237.14,36509500,-5.06,-0.02,2022-03-01
42,2022-03-04,NVDA,233.84,236.8,224.82,229.36,43141500,-7.78,-0.03,2022-03-01
43,2022-03-07,NVDA,228.17,230.33,213.3,213.52,45082100,-15.84,-0.07,2022-03-01
44,2022-03-08,NVDA,213.09,223.73,206.5,215.14,55746700,1.62,0.01,2022-03-01
45,2022-03-09,NVDA,223.87,232.2,222.47,230.14,49274200,15.0,0.07,2022-03-01
46,2022-03-10,NVDA,225.31,227.88,218.82,226.58,42806600,-3.56,-0.02,2022-03-01
47,2022-03-11,NVDA,230.22,231.45,220.46,221.0,36720900,-5.58,-0.02,2022-03-01
48,2022-03-14,NVDA,218.69,222.62,211.59,213.3,38535400,-7.7,-0.03,2022-03-01
49,2022-03-15,NVDA,215.18,230.38,213.22,229.73,49199600,16.43,0.08,2022-03-01
50,2022-03-16,NVDA,235.0,245.97,231.72,244.96,67142200,15.23,0.07,2022-03-01
51,2022-03-17,NVDA,241.2,248.42,239.06,247.66,47194100,2.7,0.01,2022-03-01
52,2022-03-18,NVDA,247.99,265.69,246.24,264.53,73071900,16.87,0.07,2022-03-01
53,2022-03-21,NVDA,265.07,271.52,259.67,267.34,59172700,2.81,0.01,2022-03-01
54,2022-03-22,NVDA,267.27,272.38,260.72,265.24,54700700,-2.1,-0.01,2022-03-01
55,2022-03-23,NVDA,261.26,266.12,255.75,256.34,50212000,-8.9,-0.03,2022-03-01
56,2022-03-24,NVDA,261.66,283.2,259.07,281.5,87737900,25.16,0.1,2022-03-01
57,2022-03-25,NVDA,278.86,283.58,272.71,276.92,57901600,-4.58,-0.02,2022-03-01
58,2022-03-28,NVDA,277.56,282.5,272.06,282.19,42549400,5.27,0.02,2022-03-01
59,2022-03-29,NVDA,286.95,289.46,279.8,286.56,48898400,4.37,0.02,2022-03-01
60,2022-03-30,NVDA,283.04,284.96,275.03,276.9,46348700,-9.66,-0.03,2022-03-01
61,2022-03-31,NVDA,277.82,282.48,272.7,272.86,52344000,-4.04,-0.01,2022-03-01
62,2022-04-01,NVDA,273.75,274.96,262.67,267.12,51723500,-5.74,-0.02,2022-03-01
63,2022-04-04,NVDA,267.28,275.58,266.13,273.6,39712000,6.48,0.02,2022-04-01
64,2022-04-05,NVDA,272.54,273.19,258.2,259.31,43661500,-14.29,-0.05,2022-04-01
65,2022-04-06,NVDA,249.34,253.0,240.03,244.07,70383300,-15.24,-0.06,2022-04-01
66,2022-04-07,NVDA,244.41,247.22,234.78,242.08,55799200,-1.99,-0.01,2022-04-01
67,2022-04-08,NVDA,239.17,239.23,230.62,231.19,52478100,-10.89,-0.04,2022-04-01
68,2022-04-11,NVDA,222.14,223.2,216.6,219.17,57520700,-12.02,-0.05,2022-04-01
69,2022-04-12,NVDA,225.37,227.25,212.82,215.04,66225800,-4.13,-0.02,2022-04-01
70,2022-04-13,NVDA,217.28,225.0,214.55,222.03,51694300,6.99,0.03,2022-04-01
71,2022-04-14,NVDA,225.05,227.77,211.63,212.58,56909700,-9.45,-0.04,2022-04-01
72,2022-04-18,NVDA,212.0,220.88,210.79,217.83,52570100,5.25,0.02,2022-04-01
73,2022-04-19,NVDA,217.2,223.73,213.14,221.98,51278100,4.15,0.02,2022-04-01
74,2022-04-20,NVDA,225.17,226.7,212.0,214.82,46897400,-7.16,-0.03,2022-04-01
75,2022-04-21,NVDA,217.09,223.92,200.0,201.83,65620900,-12.99,-0.06,2022-04-01
76,2022-04-22,NVDA,203.03,204.86,195.0,195.15,62471300,-6.68,-0.03,2022-04-01
77,2022-04-25,NVDA,192.02,199.45,190.96,199.02,64156600,3.87,0.02,2022-04-01
78,2022-04-26,NVDA,197.18,197.88,186.7,187.88,65314300,-11.14,-0.06,2022-04-01
79,2022-04-27,NVDA,185.98,191.67,182.9,184.15,49946000,-3.73,-0.02,2022-04-01
80,2022-04-28,NVDA,189.67,200.37,184.9,197.82,57032700,13.67,0.07,2022-04-01
81,2022-04-29,NVDA,194.02,201.28,185.17,185.47,50043500,-12.35,-0.06,2022-04-01
82,2022-05-02,NVDA,185.41,195.74,183.91,195.33,57204900,9.86,0.05,2022-05-01
83,2022-05-03,NVDA,194.0,198.25,191.33,196.02,47575100,0.69,0.0,2022-05-01
84,2022-05-04,NVDA,199.23,204.0,187.51,203.34,64885500,7.32,0.04,2022-05-01
85,2022-05-05,NVDA,198.67,199.25,185.0,188.44,62633100,-14.9,-0.07,2022-05-01
86,2022-05-06,NVDA,187.36,195.12,179.9,186.75,63329700,-1.69,-0.01,2022-05-01
87,2022-05-09,NVDA,180.34,182.55,168.27,169.5,64445500,-17.25,-0.09,2022-05-01
88,2022-05-10,NVDA,176.89,181.98,170.25,175.95,76147400,6.45,0.04,2022-05-01
89,2022-05-11,NVDA,173.47,177.53,165.68,166.3,67016700,-9.65,-0.05,2022-05-01
90,2022-05-12,NVDA,162.19,167.88,155.67,161.75,70872800,-4.55,-0.03,2022-05-01
91,2022-05-13,NVDA,167.88,179.28,165.93,177.06,67043700,15.31,0.09,2022-05-01
92,2022-05-16,NVDA,175.09,177.88,171.06,172.64,52144600,-4.42,-0.02,2022-05-01
93,2022-05-17,NVDA,180.74,183.71,176.34,181.77,58583000,9.13,0.05,2022-05-01
94,2022-05-18,NVDA,177.05,181.18,168.64,169.38,54516100,-12.39,-0.07,2022-05-01
95,2022-05-19,NVDA,169.37,176.87,167.34,171.24,62131000,1.86,0.01,2022-05-01
96,2022-05-20,NVDA,173.32,174.1,157.55,166.94,73910500,-4.3,-0.03,2022-05-01
97,2022-05-23,NVDA,162.74,169.15,161.79,168.98,63988900,2.04,0.01,2022-05-01
98,2022-05-24,NVDA,165.1,165.97,157.8,161.54,58855000,-7.44,-0.04,2022-05-01
99,2022-05-25,NVDA,160.2,171.11,160.0,169.75,78113200,8.21,0.05,2022-05-01
100,2022-05-26,NVDA,160.36,180.92,160.22,178.51,99657500,8.76,0.05,2022-05-01
101,2022-05-27,NVDA,181.86,188.81,181.0,188.11,73837900,9.6,0.05,2022-05-01
102,2022-05-31,NVDA,189.8,192.0,183.5,186.72,66410000,-1.39,-0.01,2022-05-01
103,2022-06-01,NVDA,187.24,190.53,181.22,183.2,54451400,-3.52,-0.02,2022-05-01
104,2022-06-02,NVDA,182.92,196.19,181.98,195.92,64865600,12.72,0.07,2022-06-01
105,2022-06-03,NVDA,190.82,193.32,185.22,187.2,59877900,-8.72,-0.04,2022-06-01
106,2022-06-06,NVDA,191.39,193.37,185.64,187.86,42240600,0.66,0.0,2022-06-01
107,2022-06-07,NVDA,184.72,190.0,181.88,189.26,38891400,1.4,0.01,2022-06-01
108,2022-06-08,NVDA,187.99,191.8,185.35,186.48,36325200,-2.78,-0.01,2022-06-01
109,2022-06-09,NVDA,184.81,189.33,180.41,180.48,39557400,-6.0,-0.03,2022-06-01
110,2022-06-10,NVDA,176.0,176.97,168.69,169.74,46524800,-10.74,-0.06,2022-06-01
111,2022-06-13,NVDA,160.0,163.12,156.06,156.47,60415300,-13.27,-0.08,2022-06-01
112,2022-06-14,NVDA,157.31,160.66,154.12,158.36,46968000,1.89,0.01,2022-06-01
113,2022-06-15,NVDA,160.95,168.68,159.26,165.27,56393600,6.91,0.04,2022-06-01
114,2022-06-16,NVDA,158.6,159.42,154.01,156.01,54574900,-9.26,-0.06,2022-06-01
115,2022-06-17,NVDA,156.48,159.95,153.28,158.8,63033400,2.79,0.02,2022-06-01
116,2022-06-21,NVDA,164.75,170.08,164.07,165.66,48308900,6.86,0.04,2022-06-01
117,2022-06-22,NVDA,162.26,166.62,161.8,163.6,43713500,-2.06,-0.01,2022-06-01
118,2022-06-23,NVDA,165.19,165.85,158.53,162.25,46368000,-1.35,-0.01,2022-06-01
119,2022-06-24,NVDA,165.0,171.4,163.1,171.26,47215300,9.01,0.06,2022-06-01
120,2022-06-27,NVDA,173.12,173.3,166.26,168.69,42796800,-2.57,-0.02,2022-06-01
121,2022-06-28,NVDA,169.0,172.02,159.45,159.82,46114900,-8.87,-0.05,2022-06-01
122,2022-06-29,NVDA,158.14,158.2,151.7,155.42,48235200,-4.4,-0.03,2022-06-01
123,2022-06-30,NVDA,153.61,155.67,148.62,151.59,68607000,-3.83,-0.02,2022-06-01
124,2022-07-01,NVDA,148.99,150.63,143.92,145.23,57761000,-6.36,-0.04,2022-06-01
125,2022-07-05,NVDA,141.75,149.71,140.55,149.64,65139700,4.41,0.03,2022-07-01
126,2022-07-06,NVDA,150.1,153.19,147.89,151.3,52906600,1.66,0.01,2022-07-01
127,2022-07-07,NVDA,154.56,159.45,153.89,158.58,49290300,7.28,0.05,2022-07-01
128,2022-07-08,NVDA,154.3,160.37,153.89,158.38,46797200,-0.2,-0.0,2022-07-01
129,2022-07-11,NVDA,155.26,155.27,150.38,151.52,43732100,-6.86,-0.04,2022-07-01
130,2022-07-12,NVDA,152.68,154.31,148.77,150.82,45848300,-0.7,-0.0,2022-07-01
131,2022-07-13,NVDA,145.9,153.75,144.65,151.64,52191800,0.82,0.01,2022-07-01
132,2022-07-14,NVDA,151.08,154.73,147.28,153.72,45623500,2.08,0.01,2022-07-01
133,2022-07-15,NVDA,156.59,157.82,154.45,157.62,38593500,3.9,0.03,2022-07-01
134,2022-07-18,NVDA,163.02,168.97,160.02,161.01,67051700,3.39,0.02,2022-07-01
135,2022-07-19,NVDA,164.86,171.1,161.72,169.92,70236600,8.91,0.06,2022-07-01
136,2022-07-20,NVDA,169.47,179.33,168.01,178.07,76053800,8.15,0.05,2022-07-01
137,2022-07-21,NVDA,178.85,181.44,175.45,180.5,55704900,2.43,0.01,2022-07-01
138,2022-07-22,NVDA,178.93,179.67,171.37,173.19,53667100,-7.31,-0.04,2022-07-01
139,2022-07-25,NVDA,170.19,171.24,166.49,170.24,48074800,-2.95,-0.02,2022-07-01
140,2022-07-26,NVDA,168.89,169.19,164.78,165.33,39786500,-4.91,-0.03,2022-07-01
141,2022-07-27,NVDA,170.32,179.36,169.13,177.9,56977600,12.57,0.08,2022-07-01
142,2022-07-28,NVDA,179.75,181.4,174.4,179.84,47464600,1.94,0.01,2022-07-01
143,2022-07-29,NVDA,178.13,182.44,176.92,181.63,43546000,1.79,0.01,2022-07-01
144,2022-08-01,NVDA,181.82,188.46,179.9,184.41,47646900,2.78,0.02,2022-07-01
145,2022-08-02,NVDA,181.22,189.38,180.92,185.26,48952700,0.85,0.0,2022-08-01
146,2022-08-03,NVDA,181.84,189.68,181.37,188.93,41814600,3.67,0.02,2022-08-01
147,2022-08-04,NVDA,188.49,192.74,187.6,192.15,40965200,3.22,0.02,2022-08-01
148,2022-08-05,NVDA,188.1,192.29,186.66,189.89,38606800,-2.26,-0.01,2022-08-01
149,2022-08-08,NVDA,175.02,182.39,172.42,177.93,98185900,-11.96,-0.06,2022-08-01
150,2022-08-09,NVDA,172.52,174.47,167.24,170.86,66826300,-7.07,-0.04,2022-08-01
151,2022-08-10,NVDA,176.98,181.18,173.17,180.97,59742200,10.11,0.06,2022-08-01
152,2022-08-11,NVDA,181.31,187.07,178.76,179.42,50932700,-1.55,-0.01,2022-08-01
153,2022-08-12,NVDA,181.6,187.18,179.53,187.09,47809400,7.67,0.04,2022-08-01
154,2022-08-15,NVDA,187.01,191.64,186.13,190.32,45766600,3.23,0.02,2022-08-01
155,2022-08-16,NVDA,189.2,191.42,185.01,188.79,45124000,-1.53,-0.01,2022-08-01
156,2022-08-17,NVDA,185.23,186.88,181.45,183.35,44679900,-5.44,-0.03,2022-08-01
157,2022-08-18,NVDA,183.01,188.65,181.83,187.73,41544700,4.38,0.02,2022-08-01
158,2022-08-19,NVDA,184.06,185.2,177.7,178.49,44158800,-9.24,-0.05,2022-08-01
159,2022-08-22,NVDA,174.9,175.58,169.66,170.34,40959300,-8.15,-0.05,2022-08-01
160,2022-08-23,NVDA,169.89,174.65,169.7,171.81,36998600,1.47,0.01,2022-08-01
161,2022-08-24,NVDA,170.12,174.06,168.95,172.22,52266100,0.41,0.0,2022-08-01
162,2022-08-25,NVDA,168.44,179.47,168.33,179.13,77069100,6.91,0.04,2022-08-01
163,2022-08-26,NVDA,178.57,179.24,162.37,162.6,76912700,-16.53,-0.09,2022-08-01
164,2022-08-29,NVDA,160.2,163.38,157.67,158.01,49613200,-4.59,-0.03,2022-08-01
165,2022-08-30,NVDA,159.6,160.39,151.82,154.68,53018100,-3.33,-0.02,2022-08-01
166,2022-08-31,NVDA,153.84,155.4,149.59,150.94,57371000,-3.74,-0.02,2022-08-01
167,2022-09-01,NVDA,142.09,143.8,132.7,139.37,117886500,-11.57,-0.08,2022-08-01
168,2022-09-02,NVDA,141.0,141.71,135.91,136.47,74315700,-2.9,-0.02,2022-09-01
169,2022-09-06,NVDA,137.31,137.79,133.51,134.65,53575100,-1.82,-0.01,2022-09-01
170,2022-09-07,NVDA,135.63,138.38,133.46,137.14,51265700,2.49,0.02,2022-09-01
171,2022-09-08,NVDA,134.59,140.08,133.69,139.9,62487300,2.76,0.02,2022-09-01
172,2022-09-09,NVDA,141.57,144.74,141.26,143.87,48661200,3.97,0.03,2022-09-01
173,2022-09-12,NVDA,143.69,145.47,141.98,145.05,48415900,1.18,0.01,2022-09-01
174,2022-09-13,NVDA,138.02,139.22,130.99,131.31,71495600,-13.74,-0.09,2022-09-01
175,2022-09-14,NVDA,132.54,132.9,129.13,131.28,58850700,-0.03,-0.0,2022-09-01
176,2022-09-15,NVDA,130.15,132.33,127.9,129.29,52362500,-1.99,-0.02,2022-09-01
177,2022-09-16,NVDA,127.42,132.12,126.17,131.98,67075100,2.69,0.02,2022-09-01
178,2022-09-19,NVDA,130.12,134.63,130.1,133.82,56968500,1.84,0.01,2022-09-01
179,2022-09-20,NVDA,132.15,134.83,130.57,131.76,52481800,-2.06,-0.02,2022-09-01
180,2022-09-21,NVDA,132.13,140.31,131.1,132.61,80767900,0.85,0.01,2022-09-01
181,2022-09-22,NVDA,130.7,131.49,124.28,125.61,75916200,-7.0,-0.05,2022-09-01
182,2022-09-23,NVDA,124.2,126.11,122.57,125.16,66330900,-0.45,-0.0,2022-09-01
183,2022-09-26,NVDA,124.91,126.59,122.14,122.28,54734300,-2.88,-0.02,2022-09-01
184,2022-09-27,NVDA,125.07,127.36,122.58,124.13,55385400,1.85,0.02,2022-09-01
185,2022-09-28,NVDA,124.1,128.23,123.54,127.36,54241400,3.23,0.03,2022-09-01
186,2022-09-29,NVDA,124.48,125.0,119.46,122.2,53276300,-5.16,-0.04,2022-09-01
187,2022-09-30,NVDA,120.87,126.33,120.75,121.39,56563800,-0.81,-0.01,2022-09-01
188,2022-10-03,NVDA,123.47,126.78,121.05,125.12,54747800,3.73,0.03,2022-10-01
189,2022-10-04,NVDA,128.79,132.2,128.79,131.67,58418200,6.55,0.05,2022-10-01
190,2022-10-05,NVDA,129.11,133.21,126.21,132.09,50713100,0.42,0.0,2022-10-01
191,2022-10-06,NVDA,132.2,136.56,131.03,131.3,64415700,-0.79,-0.01,2022-10-01
192,2022-10-07,NVDA,125.05,126.7,120.22,120.76,67247800,-10.54,-0.08,2022-10-01
193,2022-10-10,NVDA,120.37,121.24,114.08,116.7,69869900,-4.06,-0.03,2022-10-01
194,2022-10-11,NVDA,115.61,118.46,112.83,115.86,66748200,-0.84,-0.01,2022-10-01
195,2022-10-12,NVDA,115.79,117.35,113.45,115.0,49259000,-0.86,-0.01,2022-10-01
196,2022-10-13,NVDA,109.71,120.78,108.13,119.6,85010300,4.6,0.04,2022-10-01
197,2022-10-14,NVDA,120.57,121.11,112.04,112.27,71343200,-7.33,-0.06,2022-10-01
198,2022-10-17,NVDA,115.18,119.48,115.17,118.88,58077400,6.61,0.06,2022-10-01
199,2022-10-18,NVDA,123.44,124.92,116.18,119.67,65936200,0.79,0.01,2022-10-01
200,2022-10-19,NVDA,118.79,123.5,118.34,120.51,52313100,0.84,0.01,2022-10-01
201,2022-10-20,NVDA,121.13,127.69,121.05,121.94,65239800,1.43,0.01,2022-10-01
202,2022-10-21,NVDA,120.98,124.98,118.87,124.66,60949400,2.72,0.02,2022-10-01
203,2022-10-24,NVDA,125.08,127.1,120.64,125.99,51745700,1.33,0.01,2022-10-01
204,2022-10-25,NVDA,126.94,133.0,126.64,132.61,50548200,6.62,0.05,2022-10-01
205,2022-10-26,NVDA,128.69,133.88,127.08,128.96,53295300,-3.65,-0.03,2022-10-01
206,2022-10-27,NVDA,136.3,138.38,131.22,131.76,58311300,2.8,0.02,2022-10-01
207,2022-10-28,NVDA,131.04,138.5,130.61,138.34,52104000,6.58,0.05,2022-10-01
208,2022-10-31,NVDA,137.78,138.38,132.97,134.97,48634100,-3.37,-0.02,2022-10-01
209,2022-11-01,NVDA,138.11,139.25,135.19,135.43,43281700,0.46,0.0,2022-10-01
210,2022-11-02,NVDA,138.5,142.1,132.11,132.19,67262800,-3.24,-0.02,2022-11-01
211,2022-11-03,NVDA,130.43,137.81,129.56,134.21,50006500,2.02,0.02,2022-11-01
212,2022-11-04,NVDA,139.86,142.29,136.97,141.56,61257600,7.35,0.05,2022-11-01
213,2022-11-07,NVDA,142.28,144.12,139.54,143.01,41006100,1.45,0.01,2022-11-01
214,2022-11-08,NVDA,148.01,148.91,142.16,146.02,59529200,3.01,0.02,2022-11-01
215,2022-11-09,NVDA,141.62,142.11,137.59,137.76,45441400,-8.26,-0.06,2022-11-01
216,2022-11-10,NVDA,148.0,157.73,145.47,157.5,70081900,19.74,0.14,2022-11-01
217,2022-11-11,NVDA,158.07,163.89,154.82,163.27,65548700,5.77,0.04,2022-11-01
218,2022-11-14,NVDA,162.18,165.4,159.22,162.95,52785200,-0.32,-0.0,2022-11-01
219,2022-11-15,NVDA,167.22,169.98,163.82,166.66,54587600,3.71,0.02,2022-11-01
220,2022-11-16,NVDA,161.62,163.62,158.73,159.1,64954700,-7.56,-0.05,2022-11-01
221,2022-11-17,NVDA,157.15,162.66,155.35,156.77,71089400,-2.33,-0.01,2022-11-01
222,2022-11-18,NVDA,159.66,160.02,151.2,154.09,49207200,-2.68,-0.02,2022-11-01
223,2022-11-21,NVDA,151.47,154.77,150.8,153.17,40473900,-0.92,-0.01,2022-11-01
224,2022-11-22,NVDA,153.28,160.58,151.22,160.38,47286600,7.21,0.05,2022-11-01
225,2022-11-23,NVDA,160.98,165.27,160.48,165.19,42724100,4.81,0.03,2022-11-01
226,2022-11-25,NVDA,163.18,164.87,161.72,162.7,16793400,-2.49,-0.02,2022-11-01
227,2022-11-28,NVDA,160.26,163.57,157.25,158.27,30374100,-4.43,-0.03,2022-11-01
228,2022-11-29,NVDA,158.27,159.32,155.2,156.39,29838400,-1.88,-0.01,2022-11-01
229,2022-11-30,NVDA,156.97,169.3,155.97,169.23,56529800,12.84,0.08,2022-11-01
230,2022-12-01,NVDA,169.99,172.65,166.35,171.35,47097700,2.12,0.01,2022-11-01
231,2022-12-02,NVDA,166.59,169.33,164.45,168.76,37138900,-2.59,-0.02,2022-12-01
232,2022-12-05,NVDA,166.79,169.95,164.72,166.1,35225500,-2.66,-0.02,2022-12-01
233,2022-12-06,NVDA,165.3,165.73,158.19,159.87,35269400,-6.23,-0.04,2022-12-01
234,2022-12-07,NVDA,157.72,161.86,156.67,161.2,37238800,1.33,0.01,2022-12-01
235,2022-12-08,NVDA,162.73,171.79,159.59,171.69,51545600,10.49,0.07,2022-12-01
236,2022-12-09,NVDA,171.6,175.83,169.75,170.01,46533800,-1.68,-0.01,2022-12-01
237,2022-12-12,NVDA,170.37,175.38,167.97,175.35,45732800,5.34,0.03,2022-12-01
238,2022-12-13,NVDA,185.31,187.9,177.11,180.72,65658900,5.37,0.03,2022-12-01
239,2022-12-14,NVDA,179.87,182.52,174.2,176.74,49688800,-3.98,-0.02,2022-12-01
240,2022-12-15,NVDA,171.46,173.2,167.0,169.52,47854200,-7.22,-0.04,2022-12-01
241,2022-12-16,NVDA,168.64,170.41,164.1,165.71,47823200,-3.81,-0.02,2022-12-01
242,2022-12-19,NVDA,165.72,166.09,161.45,162.54,35403900,-3.17,-0.02,2022-12-01
243,2022-12-20,NVDA,160.64,163.1,158.52,160.85,40326000,-1.69,-0.01,2022-12-01
244,2022-12-21,NVDA,161.14,166.27,161.02,165.01,32502500,4.16,0.03,2022-12-01
245,2022-12-22,NVDA,160.94,161.38,148.82,153.39,56504500,-11.62,-0.07,2022-12-01
246,2022-12-23,NVDA,151.96,153.39,148.83,152.06,34932600,-1.33,-0.01,2022-12-01
247,2022-12-27,NVDA,150.74,151.0,140.56,141.21,46490200,-10.85,-0.07,2022-12-01
248,2022-12-28,NVDA,139.27,142.62,138.84,140.36,35106600,-0.85,-0.01,2022-12-01
249,2022-12-29,NVDA,144.02,146.83,142.27,146.03,35492300,5.67,0.04,2022-12-01
250,2022-12-30,NVDA,143.34,146.29,142.33,146.14,31027300,0.11,0.0,2022-12-01
251,2023-01-03,NVDA,148.51,149.96,140.96,143.15,40127700,-2.99,-0.02,2023-01-01
252,2023-01-04,NVDA,145.67,148.53,142.41,147.49,43132400,4.34,0.03,2023-01-01
253,2023-01-05,NVDA,144.91,145.64,141.48,142.65,38916800,-4.84,-0.03,2023-01-01
254,2023-01-06,NVDA,144.74,150.1,140.34,148.59,40482300,5.94,0.04,2023-01-01
255,2023-01-09,NVDA,152.84,160.56,151.41,156.28,50423100,7.69,0.05,2023-01-01
256,2023-01-10,NVDA,155.07,159.62,154.72,159.09,38410100,2.81,0.02,2023-01-01
257,2023-01-11,NVDA,158.4,160.28,155.63,160.01,35328500,0.92,0.01,2023-01-01
258,2023-01-12,NVDA,161.0,166.37,154.92,165.11,55140900,5.1,0.03,2023-01-01
259,2023-01-13,NVDA,162.78,169.22,161.65,168.99,44693500,3.88,0.02,2023-01-01
260,2023-01-17,NVDA,168.99,177.28,168.99,177.02,51110200,8.03,0.05,2023-01-01
261,2023-01-18,NVDA,176.67,178.73,172.82,173.77,43962400,-3.25,-0.02,2023-01-01
262,2023-01-19,NVDA,170.36,171.97,167.31,167.65,45293200,-6.12,-0.04,2023-01-01
263,2023-01-20,NVDA,170.11,178.56,168.25,178.39,56401600,10.74,0.06,2023-01-01
